"","month","gains_losses","value","case"
"1",1,"none_roof_convection_gain",63781.3340013694,"U001_Caso01_1a7_ac_in1_1.csv"
"2",1,"none_floor_convection_gain",46722.5171148539,"U001_Caso01_1a7_ac_in1_1.csv"
"3",1,"none_intwalls_convection_gain",70322.6038923113,"U001_Caso01_1a7_ac_in1_1.csv"
"4",1,"south_extwalls_convection_gain",20067.9855948001,"U001_Caso01_1a7_ac_in1_1.csv"
"5",1,"north_extwalls_convection_gain",8031.60319193635,"U001_Caso01_1a7_ac_in1_1.csv"
"6",1,"west_extwalls_convection_gain",45104.5586536822,"U001_Caso01_1a7_ac_in1_1.csv"
"7",1,"east_extwalls_convection_gain",12060.5930719582,"U001_Caso01_1a7_ac_in1_1.csv"
"8",1,"south_windows_convection_gain",2306.44746916048,"U001_Caso01_1a7_ac_in1_1.csv"
"9",1,"west_windows_convection_gain",2383.60175723825,"U001_Caso01_1a7_ac_in1_1.csv"
"10",2,"none_roof_convection_gain",64325.4601538314,"U001_Caso01_1a7_ac_in1_1.csv"
"11",2,"none_floor_convection_gain",50163.1148496548,"U001_Caso01_1a7_ac_in1_1.csv"
"12",2,"none_intwalls_convection_gain",74236.9654377877,"U001_Caso01_1a7_ac_in1_1.csv"
"13",2,"south_extwalls_convection_gain",19188.9828630691,"U001_Caso01_1a7_ac_in1_1.csv"
"14",2,"north_extwalls_convection_gain",10219.0782194535,"U001_Caso01_1a7_ac_in1_1.csv"
"15",2,"west_extwalls_convection_gain",46818.741232705,"U001_Caso01_1a7_ac_in1_1.csv"
"16",2,"east_extwalls_convection_gain",12135.1845084243,"U001_Caso01_1a7_ac_in1_1.csv"
"17",2,"south_windows_convection_gain",2491.41424674704,"U001_Caso01_1a7_ac_in1_1.csv"
"18",2,"west_windows_convection_gain",2603.36401361564,"U001_Caso01_1a7_ac_in1_1.csv"
"19",3,"none_roof_convection_gain",58231.2775450039,"U001_Caso01_1a7_ac_in1_1.csv"
"20",3,"none_floor_convection_gain",53133.3945224657,"U001_Caso01_1a7_ac_in1_1.csv"
"21",3,"none_intwalls_convection_gain",72667.3255590505,"U001_Caso01_1a7_ac_in1_1.csv"
"22",3,"south_extwalls_convection_gain",15102.7506283191,"U001_Caso01_1a7_ac_in1_1.csv"
"23",3,"north_extwalls_convection_gain",12487.0105542674,"U001_Caso01_1a7_ac_in1_1.csv"
"24",3,"west_extwalls_convection_gain",44206.2030635441,"U001_Caso01_1a7_ac_in1_1.csv"
"25",3,"east_extwalls_convection_gain",9040.21692702912,"U001_Caso01_1a7_ac_in1_1.csv"
"26",3,"south_windows_convection_gain",1878.01098260624,"U001_Caso01_1a7_ac_in1_1.csv"
"27",3,"west_windows_convection_gain",2164.3846747067,"U001_Caso01_1a7_ac_in1_1.csv"
"28",4,"none_roof_convection_gain",36516.8293898715,"U001_Caso01_1a7_ac_in1_1.csv"
"29",4,"none_floor_convection_gain",37281.6705617404,"U001_Caso01_1a7_ac_in1_1.csv"
"30",4,"none_intwalls_convection_gain",51669.3567571664,"U001_Caso01_1a7_ac_in1_1.csv"
"31",4,"south_extwalls_convection_gain",8503.75641403782,"U001_Caso01_1a7_ac_in1_1.csv"
"32",4,"north_extwalls_convection_gain",12390.6737614832,"U001_Caso01_1a7_ac_in1_1.csv"
"33",4,"west_extwalls_convection_gain",31405.3208076273,"U001_Caso01_1a7_ac_in1_1.csv"
"34",4,"east_extwalls_convection_gain",4412.72885197902,"U001_Caso01_1a7_ac_in1_1.csv"
"35",4,"south_windows_convection_gain",1014.99747945298,"U001_Caso01_1a7_ac_in1_1.csv"
"36",4,"west_windows_convection_gain",1308.31053726773,"U001_Caso01_1a7_ac_in1_1.csv"
"37",5,"none_roof_convection_gain",12847.4249424474,"U001_Caso01_1a7_ac_in1_1.csv"
"38",5,"none_floor_convection_gain",19904.8417476852,"U001_Caso01_1a7_ac_in1_1.csv"
"39",5,"none_intwalls_convection_gain",24557.9988117287,"U001_Caso01_1a7_ac_in1_1.csv"
"40",5,"south_extwalls_convection_gain",2067.31454614337,"U001_Caso01_1a7_ac_in1_1.csv"
"41",5,"north_extwalls_convection_gain",10156.1503711073,"U001_Caso01_1a7_ac_in1_1.csv"
"42",5,"west_extwalls_convection_gain",13498.739359703,"U001_Caso01_1a7_ac_in1_1.csv"
"43",5,"east_extwalls_convection_gain",1271.3485605734,"U001_Caso01_1a7_ac_in1_1.csv"
"44",5,"south_windows_convection_gain",262.776927317657,"U001_Caso01_1a7_ac_in1_1.csv"
"45",5,"west_windows_convection_gain",386.199011124406,"U001_Caso01_1a7_ac_in1_1.csv"
"46",6,"none_roof_convection_gain",3770.33867402848,"U001_Caso01_1a7_ac_in1_1.csv"
"47",6,"none_floor_convection_gain",13745.9628715534,"U001_Caso01_1a7_ac_in1_1.csv"
"48",6,"none_intwalls_convection_gain",13644.4354118983,"U001_Caso01_1a7_ac_in1_1.csv"
"49",6,"south_extwalls_convection_gain",575.220789520948,"U001_Caso01_1a7_ac_in1_1.csv"
"50",6,"north_extwalls_convection_gain",9141.89601202439,"U001_Caso01_1a7_ac_in1_1.csv"
"51",6,"west_extwalls_convection_gain",7682.13227728684,"U001_Caso01_1a7_ac_in1_1.csv"
"52",6,"east_extwalls_convection_gain",536.364981965985,"U001_Caso01_1a7_ac_in1_1.csv"
"53",6,"south_windows_convection_gain",49.895078520912,"U001_Caso01_1a7_ac_in1_1.csv"
"54",6,"west_windows_convection_gain",139.927312276571,"U001_Caso01_1a7_ac_in1_1.csv"
"55",7,"none_roof_convection_gain",3251.86625865267,"U001_Caso01_1a7_ac_in1_1.csv"
"56",7,"none_floor_convection_gain",13191.1602334865,"U001_Caso01_1a7_ac_in1_1.csv"
"57",7,"none_intwalls_convection_gain",14998.789731537,"U001_Caso01_1a7_ac_in1_1.csv"
"58",7,"south_extwalls_convection_gain",402.774069461005,"U001_Caso01_1a7_ac_in1_1.csv"
"59",7,"north_extwalls_convection_gain",9649.92328414649,"U001_Caso01_1a7_ac_in1_1.csv"
"60",7,"west_extwalls_convection_gain",7384.25666006214,"U001_Caso01_1a7_ac_in1_1.csv"
"61",7,"east_extwalls_convection_gain",397.39828917885,"U001_Caso01_1a7_ac_in1_1.csv"
"62",7,"south_windows_convection_gain",40.4020808581391,"U001_Caso01_1a7_ac_in1_1.csv"
"63",7,"west_windows_convection_gain",126.451147808245,"U001_Caso01_1a7_ac_in1_1.csv"
"64",8,"none_roof_convection_gain",11929.4103108762,"U001_Caso01_1a7_ac_in1_1.csv"
"65",8,"none_floor_convection_gain",17979.5326016687,"U001_Caso01_1a7_ac_in1_1.csv"
"66",8,"none_intwalls_convection_gain",23971.0817479996,"U001_Caso01_1a7_ac_in1_1.csv"
"67",8,"south_extwalls_convection_gain",2057.99377597854,"U001_Caso01_1a7_ac_in1_1.csv"
"68",8,"north_extwalls_convection_gain",10388.3345933264,"U001_Caso01_1a7_ac_in1_1.csv"
"69",8,"west_extwalls_convection_gain",16717.3615989611,"U001_Caso01_1a7_ac_in1_1.csv"
"70",8,"east_extwalls_convection_gain",1478.58308243871,"U001_Caso01_1a7_ac_in1_1.csv"
"71",8,"south_windows_convection_gain",333.966489691202,"U001_Caso01_1a7_ac_in1_1.csv"
"72",8,"west_windows_convection_gain",561.662476583534,"U001_Caso01_1a7_ac_in1_1.csv"
"73",9,"none_roof_convection_gain",28870.7648874735,"U001_Caso01_1a7_ac_in1_1.csv"
"74",9,"none_floor_convection_gain",17340.910755401,"U001_Caso01_1a7_ac_in1_1.csv"
"75",9,"none_intwalls_convection_gain",36221.9892146236,"U001_Caso01_1a7_ac_in1_1.csv"
"76",9,"south_extwalls_convection_gain",5477.59435044927,"U001_Caso01_1a7_ac_in1_1.csv"
"77",9,"north_extwalls_convection_gain",9374.17485724963,"U001_Caso01_1a7_ac_in1_1.csv"
"78",9,"west_extwalls_convection_gain",26291.459982449,"U001_Caso01_1a7_ac_in1_1.csv"
"79",9,"east_extwalls_convection_gain",4176.79580702203,"U001_Caso01_1a7_ac_in1_1.csv"
"80",9,"south_windows_convection_gain",721.72540607134,"U001_Caso01_1a7_ac_in1_1.csv"
"81",9,"west_windows_convection_gain",1029.77981055529,"U001_Caso01_1a7_ac_in1_1.csv"
"82",10,"none_roof_convection_gain",35771.9105166837,"U001_Caso01_1a7_ac_in1_1.csv"
"83",10,"none_floor_convection_gain",25651.2141807739,"U001_Caso01_1a7_ac_in1_1.csv"
"84",10,"none_intwalls_convection_gain",42123.0256466613,"U001_Caso01_1a7_ac_in1_1.csv"
"85",10,"south_extwalls_convection_gain",8099.15026383135,"U001_Caso01_1a7_ac_in1_1.csv"
"86",10,"north_extwalls_convection_gain",6235.99270545206,"U001_Caso01_1a7_ac_in1_1.csv"
"87",10,"west_extwalls_convection_gain",29063.9263613908,"U001_Caso01_1a7_ac_in1_1.csv"
"88",10,"east_extwalls_convection_gain",7324.48516430331,"U001_Caso01_1a7_ac_in1_1.csv"
"89",10,"south_windows_convection_gain",881.783381541516,"U001_Caso01_1a7_ac_in1_1.csv"
"90",10,"west_windows_convection_gain",1180.15906151083,"U001_Caso01_1a7_ac_in1_1.csv"
"91",11,"none_roof_convection_gain",50039.4453272405,"U001_Caso01_1a7_ac_in1_1.csv"
"92",11,"none_floor_convection_gain",29881.8563886886,"U001_Caso01_1a7_ac_in1_1.csv"
"93",11,"none_intwalls_convection_gain",51345.8379253527,"U001_Caso01_1a7_ac_in1_1.csv"
"94",11,"south_extwalls_convection_gain",13173.6099486884,"U001_Caso01_1a7_ac_in1_1.csv"
"95",11,"north_extwalls_convection_gain",5667.87569712437,"U001_Caso01_1a7_ac_in1_1.csv"
"96",11,"west_extwalls_convection_gain",37748.1067860468,"U001_Caso01_1a7_ac_in1_1.csv"
"97",11,"east_extwalls_convection_gain",10468.6618878305,"U001_Caso01_1a7_ac_in1_1.csv"
"98",11,"south_windows_convection_gain",1268.4544296041,"U001_Caso01_1a7_ac_in1_1.csv"
"99",11,"west_windows_convection_gain",1540.42558832423,"U001_Caso01_1a7_ac_in1_1.csv"
"100",12,"none_roof_convection_gain",63578.134143177,"U001_Caso01_1a7_ac_in1_1.csv"
"101",12,"none_floor_convection_gain",47583.24204546,"U001_Caso01_1a7_ac_in1_1.csv"
"102",12,"none_intwalls_convection_gain",69438.457642854,"U001_Caso01_1a7_ac_in1_1.csv"
"103",12,"south_extwalls_convection_gain",20123.4912998073,"U001_Caso01_1a7_ac_in1_1.csv"
"104",12,"north_extwalls_convection_gain",7161.25761373796,"U001_Caso01_1a7_ac_in1_1.csv"
"105",12,"west_extwalls_convection_gain",43916.8819272672,"U001_Caso01_1a7_ac_in1_1.csv"
"106",12,"east_extwalls_convection_gain",12791.1019488285,"U001_Caso01_1a7_ac_in1_1.csv"
"107",12,"south_windows_convection_gain",1978.99875968741,"U001_Caso01_1a7_ac_in1_1.csv"
"108",12,"west_windows_convection_gain",2067.09451414284,"U001_Caso01_1a7_ac_in1_1.csv"
"109",1,"none_roof_convection_loss",-927.16065824258,"U001_Caso01_1a7_ac_in1_1.csv"
"110",1,"none_floor_convection_loss",-3254.00924269606,"U001_Caso01_1a7_ac_in1_1.csv"
"111",1,"none_intwalls_convection_loss",-4182.76192009142,"U001_Caso01_1a7_ac_in1_1.csv"
"112",1,"south_extwalls_convection_loss",-3704.99674527616,"U001_Caso01_1a7_ac_in1_1.csv"
"113",1,"north_extwalls_convection_loss",-2328.23776653905,"U001_Caso01_1a7_ac_in1_1.csv"
"114",1,"west_extwalls_convection_loss",-6263.73830547457,"U001_Caso01_1a7_ac_in1_1.csv"
"115",1,"east_extwalls_convection_loss",-1326.48217793686,"U001_Caso01_1a7_ac_in1_1.csv"
"116",1,"south_windows_convection_loss",-4691.34836934086,"U001_Caso01_1a7_ac_in1_1.csv"
"117",1,"west_windows_convection_loss",-3926.76690602695,"U001_Caso01_1a7_ac_in1_1.csv"
"118",2,"none_roof_convection_loss",-641.638667902408,"U001_Caso01_1a7_ac_in1_1.csv"
"119",2,"none_floor_convection_loss",-3370.84536453349,"U001_Caso01_1a7_ac_in1_1.csv"
"120",2,"none_intwalls_convection_loss",-4236.5965180278,"U001_Caso01_1a7_ac_in1_1.csv"
"121",2,"south_extwalls_convection_loss",-4760.64649287612,"U001_Caso01_1a7_ac_in1_1.csv"
"122",2,"north_extwalls_convection_loss",-1957.81231735678,"U001_Caso01_1a7_ac_in1_1.csv"
"123",2,"west_extwalls_convection_loss",-6416.84348275556,"U001_Caso01_1a7_ac_in1_1.csv"
"124",2,"east_extwalls_convection_loss",-1139.33754165758,"U001_Caso01_1a7_ac_in1_1.csv"
"125",2,"south_windows_convection_loss",-4120.12233725408,"U001_Caso01_1a7_ac_in1_1.csv"
"126",2,"west_windows_convection_loss",-3372.63214267157,"U001_Caso01_1a7_ac_in1_1.csv"
"127",3,"none_roof_convection_loss",-1805.88850596203,"U001_Caso01_1a7_ac_in1_1.csv"
"128",3,"none_floor_convection_loss",-2550.65499582393,"U001_Caso01_1a7_ac_in1_1.csv"
"129",3,"none_intwalls_convection_loss",-4240.06548140972,"U001_Caso01_1a7_ac_in1_1.csv"
"130",3,"south_extwalls_convection_loss",-7999.73928970736,"U001_Caso01_1a7_ac_in1_1.csv"
"131",3,"north_extwalls_convection_loss",-2322.18999556798,"U001_Caso01_1a7_ac_in1_1.csv"
"132",3,"west_extwalls_convection_loss",-9012.2756311366,"U001_Caso01_1a7_ac_in1_1.csv"
"133",3,"east_extwalls_convection_loss",-1651.00844053987,"U001_Caso01_1a7_ac_in1_1.csv"
"134",3,"south_windows_convection_loss",-5285.23804713525,"U001_Caso01_1a7_ac_in1_1.csv"
"135",3,"west_windows_convection_loss",-4213.09729772853,"U001_Caso01_1a7_ac_in1_1.csv"
"136",4,"none_roof_convection_loss",-4431.23403031657,"U001_Caso01_1a7_ac_in1_1.csv"
"137",4,"none_floor_convection_loss",-2187.16483729988,"U001_Caso01_1a7_ac_in1_1.csv"
"138",4,"none_intwalls_convection_loss",-4369.77777224149,"U001_Caso01_1a7_ac_in1_1.csv"
"139",4,"south_extwalls_convection_loss",-9837.05788995651,"U001_Caso01_1a7_ac_in1_1.csv"
"140",4,"north_extwalls_convection_loss",-2584.63529211815,"U001_Caso01_1a7_ac_in1_1.csv"
"141",4,"west_extwalls_convection_loss",-10466.7635675394,"U001_Caso01_1a7_ac_in1_1.csv"
"142",4,"east_extwalls_convection_loss",-2250.50129036278,"U001_Caso01_1a7_ac_in1_1.csv"
"143",4,"south_windows_convection_loss",-6303.91958861223,"U001_Caso01_1a7_ac_in1_1.csv"
"144",4,"west_windows_convection_loss",-4992.57998736573,"U001_Caso01_1a7_ac_in1_1.csv"
"145",5,"none_roof_convection_loss",-10419.248611572,"U001_Caso01_1a7_ac_in1_1.csv"
"146",5,"none_floor_convection_loss",-4291.9932443747,"U001_Caso01_1a7_ac_in1_1.csv"
"147",5,"none_intwalls_convection_loss",-7174.17307592483,"U001_Caso01_1a7_ac_in1_1.csv"
"148",5,"south_extwalls_convection_loss",-15577.4365236738,"U001_Caso01_1a7_ac_in1_1.csv"
"149",5,"north_extwalls_convection_loss",-3448.07729350009,"U001_Caso01_1a7_ac_in1_1.csv"
"150",5,"west_extwalls_convection_loss",-14822.3990993099,"U001_Caso01_1a7_ac_in1_1.csv"
"151",5,"east_extwalls_convection_loss",-4044.40688846035,"U001_Caso01_1a7_ac_in1_1.csv"
"152",5,"south_windows_convection_loss",-9176.69612554188,"U001_Caso01_1a7_ac_in1_1.csv"
"153",5,"west_windows_convection_loss",-7089.32677168234,"U001_Caso01_1a7_ac_in1_1.csv"
"154",6,"none_roof_convection_loss",-15376.4451568078,"U001_Caso01_1a7_ac_in1_1.csv"
"155",6,"none_floor_convection_loss",-10623.0548663524,"U001_Caso01_1a7_ac_in1_1.csv"
"156",6,"none_intwalls_convection_loss",-10607.59912418,"U001_Caso01_1a7_ac_in1_1.csv"
"157",6,"south_extwalls_convection_loss",-16294.2366532853,"U001_Caso01_1a7_ac_in1_1.csv"
"158",6,"north_extwalls_convection_loss",-3345.6569397319,"U001_Caso01_1a7_ac_in1_1.csv"
"159",6,"west_extwalls_convection_loss",-14360.159816409,"U001_Caso01_1a7_ac_in1_1.csv"
"160",6,"east_extwalls_convection_loss",-4330.51977783614,"U001_Caso01_1a7_ac_in1_1.csv"
"161",6,"south_windows_convection_loss",-9146.21071683386,"U001_Caso01_1a7_ac_in1_1.csv"
"162",6,"west_windows_convection_loss",-7072.15764818201,"U001_Caso01_1a7_ac_in1_1.csv"
"163",7,"none_roof_convection_loss",-18258.3014779818,"U001_Caso01_1a7_ac_in1_1.csv"
"164",7,"none_floor_convection_loss",-13209.5799733492,"U001_Caso01_1a7_ac_in1_1.csv"
"165",7,"none_intwalls_convection_loss",-12514.656607163,"U001_Caso01_1a7_ac_in1_1.csv"
"166",7,"south_extwalls_convection_loss",-19266.1034053977,"U001_Caso01_1a7_ac_in1_1.csv"
"167",7,"north_extwalls_convection_loss",-3489.74621923209,"U001_Caso01_1a7_ac_in1_1.csv"
"168",7,"west_extwalls_convection_loss",-15459.9019795115,"U001_Caso01_1a7_ac_in1_1.csv"
"169",7,"east_extwalls_convection_loss",-4933.71425541984,"U001_Caso01_1a7_ac_in1_1.csv"
"170",7,"south_windows_convection_loss",-10972.3682792699,"U001_Caso01_1a7_ac_in1_1.csv"
"171",7,"west_windows_convection_loss",-8447.40499914769,"U001_Caso01_1a7_ac_in1_1.csv"
"172",8,"none_roof_convection_loss",-11328.6734478979,"U001_Caso01_1a7_ac_in1_1.csv"
"173",8,"none_floor_convection_loss",-9683.39926644229,"U001_Caso01_1a7_ac_in1_1.csv"
"174",8,"none_intwalls_convection_loss",-9933.32088922145,"U001_Caso01_1a7_ac_in1_1.csv"
"175",8,"south_extwalls_convection_loss",-17880.5086292005,"U001_Caso01_1a7_ac_in1_1.csv"
"176",8,"north_extwalls_convection_loss",-3912.17270542435,"U001_Caso01_1a7_ac_in1_1.csv"
"177",8,"west_extwalls_convection_loss",-15355.817554224,"U001_Caso01_1a7_ac_in1_1.csv"
"178",8,"east_extwalls_convection_loss",-4444.93358125368,"U001_Caso01_1a7_ac_in1_1.csv"
"179",8,"south_windows_convection_loss",-10609.6266278967,"U001_Caso01_1a7_ac_in1_1.csv"
"180",8,"west_windows_convection_loss",-8232.63011498555,"U001_Caso01_1a7_ac_in1_1.csv"
"181",9,"none_roof_convection_loss",-3856.70381686383,"U001_Caso01_1a7_ac_in1_1.csv"
"182",9,"none_floor_convection_loss",-5471.2019372819,"U001_Caso01_1a7_ac_in1_1.csv"
"183",9,"none_intwalls_convection_loss",-5595.38524450203,"U001_Caso01_1a7_ac_in1_1.csv"
"184",9,"south_extwalls_convection_loss",-12512.9916361204,"U001_Caso01_1a7_ac_in1_1.csv"
"185",9,"north_extwalls_convection_loss",-3385.43424006083,"U001_Caso01_1a7_ac_in1_1.csv"
"186",9,"west_extwalls_convection_loss",-12403.6352748179,"U001_Caso01_1a7_ac_in1_1.csv"
"187",9,"east_extwalls_convection_loss",-2796.58667742203,"U001_Caso01_1a7_ac_in1_1.csv"
"188",9,"south_windows_convection_loss",-8260.19641156966,"U001_Caso01_1a7_ac_in1_1.csv"
"189",9,"west_windows_convection_loss",-6482.35218212746,"U001_Caso01_1a7_ac_in1_1.csv"
"190",10,"none_roof_convection_loss",-3298.10617823911,"U001_Caso01_1a7_ac_in1_1.csv"
"191",10,"none_floor_convection_loss",-5601.24203315146,"U001_Caso01_1a7_ac_in1_1.csv"
"192",10,"none_intwalls_convection_loss",-6137.81206924721,"U001_Caso01_1a7_ac_in1_1.csv"
"193",10,"south_extwalls_convection_loss",-11325.2081394196,"U001_Caso01_1a7_ac_in1_1.csv"
"194",10,"north_extwalls_convection_loss",-4009.62335850339,"U001_Caso01_1a7_ac_in1_1.csv"
"195",10,"west_extwalls_convection_loss",-12291.3717420084,"U001_Caso01_1a7_ac_in1_1.csv"
"196",10,"east_extwalls_convection_loss",-2811.36576830344,"U001_Caso01_1a7_ac_in1_1.csv"
"197",10,"south_windows_convection_loss",-8259.88429336088,"U001_Caso01_1a7_ac_in1_1.csv"
"198",10,"west_windows_convection_loss",-6559.56934186899,"U001_Caso01_1a7_ac_in1_1.csv"
"199",11,"none_roof_convection_loss",-2637.85655495864,"U001_Caso01_1a7_ac_in1_1.csv"
"200",11,"none_floor_convection_loss",-5526.41918050848,"U001_Caso01_1a7_ac_in1_1.csv"
"201",11,"none_intwalls_convection_loss",-6713.332747734,"U001_Caso01_1a7_ac_in1_1.csv"
"202",11,"south_extwalls_convection_loss",-7034.58825914835,"U001_Caso01_1a7_ac_in1_1.csv"
"203",11,"north_extwalls_convection_loss",-3724.62706480707,"U001_Caso01_1a7_ac_in1_1.csv"
"204",11,"west_extwalls_convection_loss",-10214.572379834,"U001_Caso01_1a7_ac_in1_1.csv"
"205",11,"east_extwalls_convection_loss",-2199.62271217125,"U001_Caso01_1a7_ac_in1_1.csv"
"206",11,"south_windows_convection_loss",-6589.93662991684,"U001_Caso01_1a7_ac_in1_1.csv"
"207",11,"west_windows_convection_loss",-5416.02055801864,"U001_Caso01_1a7_ac_in1_1.csv"
"208",12,"none_roof_convection_loss",-1008.97267291112,"U001_Caso01_1a7_ac_in1_1.csv"
"209",12,"none_floor_convection_loss",-3623.48602295426,"U001_Caso01_1a7_ac_in1_1.csv"
"210",12,"none_intwalls_convection_loss",-5060.27544554001,"U001_Caso01_1a7_ac_in1_1.csv"
"211",12,"south_extwalls_convection_loss",-3805.53020895691,"U001_Caso01_1a7_ac_in1_1.csv"
"212",12,"north_extwalls_convection_loss",-2850.72181266712,"U001_Caso01_1a7_ac_in1_1.csv"
"213",12,"west_extwalls_convection_loss",-7991.38044698424,"U001_Caso01_1a7_ac_in1_1.csv"
"214",12,"east_extwalls_convection_loss",-1395.34821211761,"U001_Caso01_1a7_ac_in1_1.csv"
"215",12,"south_windows_convection_loss",-4846.81278734321,"U001_Caso01_1a7_ac_in1_1.csv"
"216",12,"west_windows_convection_loss",-4142.01297299065,"U001_Caso01_1a7_ac_in1_1.csv"
"217",1,"internal_gains",67092.9562731646,"U001_Caso01_1a7_ac_in1_1.csv"
"218",1,"cooling",-315104.10210124,"U001_Caso01_1a7_ac_in1_1.csv"
"219",1,"heating",0,"U001_Caso01_1a7_ac_in1_1.csv"
"220",1,"vn_window_loss",-12984.0920625518,"U001_Caso01_1a7_ac_in1_1.csv"
"221",1,"vn_window_gain",3455.36001575763,"U001_Caso01_1a7_ac_in1_1.csv"
"222",1,"vn_interzone_loss",-4096.10660106349,"U001_Caso01_1a7_ac_in1_1.csv"
"223",1,"vn_interzone_gain",24937.2275601024,"U001_Caso01_1a7_ac_in1_1.csv"
"224",2,"internal_gains",60904.0455268761,"U001_Caso01_1a7_ac_in1_1.csv"
"225",2,"cooling",-330427.484789375,"U001_Caso01_1a7_ac_in1_1.csv"
"226",2,"heating",0,"U001_Caso01_1a7_ac_in1_1.csv"
"227",2,"vn_window_loss",-9807.70694237824,"U001_Caso01_1a7_ac_in1_1.csv"
"228",2,"vn_window_gain",3911.37515447131,"U001_Caso01_1a7_ac_in1_1.csv"
"229",2,"vn_interzone_loss",-2709.80939232694,"U001_Caso01_1a7_ac_in1_1.csv"
"230",2,"vn_interzone_gain",28864.2601014826,"U001_Caso01_1a7_ac_in1_1.csv"
"231",3,"internal_gains",67254.8734255037,"U001_Caso01_1a7_ac_in1_1.csv"
"232",3,"cooling",-313357.961646641,"U001_Caso01_1a7_ac_in1_1.csv"
"233",3,"heating",0,"U001_Caso01_1a7_ac_in1_1.csv"
"234",3,"vn_window_loss",-12658.6446858797,"U001_Caso01_1a7_ac_in1_1.csv"
"235",3,"vn_window_gain",2665.44161449439,"U001_Caso01_1a7_ac_in1_1.csv"
"236",3,"vn_interzone_loss",-3531.02034275918,"U001_Caso01_1a7_ac_in1_1.csv"
"237",3,"vn_interzone_gain",32613.7013248993,"U001_Caso01_1a7_ac_in1_1.csv"
"238",4,"internal_gains",64767.9426654853,"U001_Caso01_1a7_ac_in1_1.csv"
"239",4,"cooling",-222740.477807441,"U001_Caso01_1a7_ac_in1_1.csv"
"240",4,"heating",0,"U001_Caso01_1a7_ac_in1_1.csv"
"241",4,"vn_window_loss",-12716.886394698,"U001_Caso01_1a7_ac_in1_1.csv"
"242",4,"vn_window_gain",1852.55524193834,"U001_Caso01_1a7_ac_in1_1.csv"
"243",4,"vn_interzone_loss",-3566.5681655547,"U001_Caso01_1a7_ac_in1_1.csv"
"244",4,"vn_interzone_gain",36995.2688989014,"U001_Caso01_1a7_ac_in1_1.csv"
"245",5,"internal_gains",67308.3322851403,"U001_Caso01_1a7_ac_in1_1.csv"
"246",5,"cooling",-93828.8932801525,"U001_Caso01_1a7_ac_in1_1.csv"
"247",5,"heating",0,"U001_Caso01_1a7_ac_in1_1.csv"
"248",5,"vn_window_loss",-18810.3796031436,"U001_Caso01_1a7_ac_in1_1.csv"
"249",5,"vn_window_gain",740.635754271973,"U001_Caso01_1a7_ac_in1_1.csv"
"250",5,"vn_interzone_loss",-10580.1732440485,"U001_Caso01_1a7_ac_in1_1.csv"
"251",5,"vn_interzone_gain",46738.4329516405,"U001_Caso01_1a7_ac_in1_1.csv"
"252",6,"internal_gains",65613.1934384396,"U001_Caso01_1a7_ac_in1_1.csv"
"253",6,"cooling",-39900.2056512268,"U001_Caso01_1a7_ac_in1_1.csv"
"254",6,"heating",0,"U001_Caso01_1a7_ac_in1_1.csv"
"255",6,"vn_window_loss",-17257.8902568973,"U001_Caso01_1a7_ac_in1_1.csv"
"256",6,"vn_window_gain",837.80884213459,"U001_Caso01_1a7_ac_in1_1.csv"
"257",6,"vn_interzone_loss",-15395.4362611713,"U001_Caso01_1a7_ac_in1_1.csv"
"258",6,"vn_interzone_gain",48323.1026993336,"U001_Caso01_1a7_ac_in1_1.csv"
"259",7,"internal_gains",67002.6633714177,"U001_Caso01_1a7_ac_in1_1.csv"
"260",7,"cooling",-32460.9827750288,"U001_Caso01_1a7_ac_in1_1.csv"
"261",7,"heating",3880.29421467768,"U001_Caso01_1a7_ac_in1_1.csv"
"262",7,"vn_window_loss",-18315.5742988739,"U001_Caso01_1a7_ac_in1_1.csv"
"263",7,"vn_window_gain",895.681304680609,"U001_Caso01_1a7_ac_in1_1.csv"
"264",7,"vn_interzone_loss",-16046.8560454075,"U001_Caso01_1a7_ac_in1_1.csv"
"265",7,"vn_interzone_gain",52357.7132843297,"U001_Caso01_1a7_ac_in1_1.csv"
"266",8,"internal_gains",66968.0676352748,"U001_Caso01_1a7_ac_in1_1.csv"
"267",8,"cooling",-80614.2466582169,"U001_Caso01_1a7_ac_in1_1.csv"
"268",8,"heating",3103.84464010406,"U001_Caso01_1a7_ac_in1_1.csv"
"269",8,"vn_window_loss",-22809.3259015481,"U001_Caso01_1a7_ac_in1_1.csv"
"270",8,"vn_window_gain",1687.01730145403,"U001_Caso01_1a7_ac_in1_1.csv"
"271",8,"vn_interzone_loss",-12098.6130218225,"U001_Caso01_1a7_ac_in1_1.csv"
"272",8,"vn_interzone_gain",50404.2724821648,"U001_Caso01_1a7_ac_in1_1.csv"
"273",9,"internal_gains",64355.2407664339,"U001_Caso01_1a7_ac_in1_1.csv"
"274",9,"cooling",-154345.007397771,"U001_Caso01_1a7_ac_in1_1.csv"
"275",9,"heating",0,"U001_Caso01_1a7_ac_in1_1.csv"
"276",9,"vn_window_loss",-20810.887300384,"U001_Caso01_1a7_ac_in1_1.csv"
"277",9,"vn_window_gain",2154.20003231478,"U001_Caso01_1a7_ac_in1_1.csv"
"278",9,"vn_interzone_loss",-5665.02300162141,"U001_Caso01_1a7_ac_in1_1.csv"
"279",9,"vn_interzone_gain",46951.4655403335,"U001_Caso01_1a7_ac_in1_1.csv"
"280",10,"internal_gains",66693.0829465251,"U001_Caso01_1a7_ac_in1_1.csv"
"281",10,"cooling",-172287.010456009,"U001_Caso01_1a7_ac_in1_1.csv"
"282",10,"heating",0,"U001_Caso01_1a7_ac_in1_1.csv"
"283",10,"vn_window_loss",-22341.8777930865,"U001_Caso01_1a7_ac_in1_1.csv"
"284",10,"vn_window_gain",2225.91742145705,"U001_Caso01_1a7_ac_in1_1.csv"
"285",10,"vn_interzone_loss",-8228.74712884739,"U001_Caso01_1a7_ac_in1_1.csv"
"286",10,"vn_interzone_gain",39607.6658731531,"U001_Caso01_1a7_ac_in1_1.csv"
"287",11,"internal_gains",64764.1413231835,"U001_Caso01_1a7_ac_in1_1.csv"
"288",11,"cooling",-225767.220828318,"U001_Caso01_1a7_ac_in1_1.csv"
"289",11,"heating",0,"U001_Caso01_1a7_ac_in1_1.csv"
"290",11,"vn_window_loss",-16856.3248326394,"U001_Caso01_1a7_ac_in1_1.csv"
"291",11,"vn_window_gain",2458.26986408548,"U001_Caso01_1a7_ac_in1_1.csv"
"292",11,"vn_interzone_loss",-6724.8262550788,"U001_Caso01_1a7_ac_in1_1.csv"
"293",11,"vn_interzone_gain",33901.3103237331,"U001_Caso01_1a7_ac_in1_1.csv"
"294",12,"internal_gains",67246.7104391413,"U001_Caso01_1a7_ac_in1_1.csv"
"295",12,"cooling",-311579.871763929,"U001_Caso01_1a7_ac_in1_1.csv"
"296",12,"heating",0,"U001_Caso01_1a7_ac_in1_1.csv"
"297",12,"vn_window_loss",-14023.3420740236,"U001_Caso01_1a7_ac_in1_1.csv"
"298",12,"vn_window_gain",2753.51318876415,"U001_Caso01_1a7_ac_in1_1.csv"
"299",12,"vn_interzone_loss",-3082.02575843703,"U001_Caso01_1a7_ac_in1_1.csv"
"300",12,"vn_interzone_gain",28324.5340551429,"U001_Caso01_1a7_ac_in1_1.csv"
"301",1,"none_roof_convection_gain",65618.0032339784,"U001_Caso01_1a7_ac_nbr_1.csv"
"302",1,"none_floor_convection_gain",49222.5458894741,"U001_Caso01_1a7_ac_nbr_1.csv"
"303",1,"none_intwalls_convection_gain",71894.4230677171,"U001_Caso01_1a7_ac_nbr_1.csv"
"304",1,"south_extwalls_convection_gain",20349.2922658862,"U001_Caso01_1a7_ac_nbr_1.csv"
"305",1,"north_extwalls_convection_gain",8131.60593517381,"U001_Caso01_1a7_ac_nbr_1.csv"
"306",1,"west_extwalls_convection_gain",45277.6840869702,"U001_Caso01_1a7_ac_nbr_1.csv"
"307",1,"east_extwalls_convection_gain",12500.8717974673,"U001_Caso01_1a7_ac_nbr_1.csv"
"308",1,"south_windows_convection_gain",2303.51912348595,"U001_Caso01_1a7_ac_nbr_1.csv"
"309",1,"west_windows_convection_gain",2395.01748853549,"U001_Caso01_1a7_ac_nbr_1.csv"
"310",2,"none_roof_convection_gain",65754.2197267286,"U001_Caso01_1a7_ac_nbr_1.csv"
"311",2,"none_floor_convection_gain",51347.6902263535,"U001_Caso01_1a7_ac_nbr_1.csv"
"312",2,"none_intwalls_convection_gain",75139.8261119331,"U001_Caso01_1a7_ac_nbr_1.csv"
"313",2,"south_extwalls_convection_gain",19111.3003734353,"U001_Caso01_1a7_ac_nbr_1.csv"
"314",2,"north_extwalls_convection_gain",10386.6880651559,"U001_Caso01_1a7_ac_nbr_1.csv"
"315",2,"west_extwalls_convection_gain",46677.9211703471,"U001_Caso01_1a7_ac_nbr_1.csv"
"316",2,"east_extwalls_convection_gain",12609.2871771577,"U001_Caso01_1a7_ac_nbr_1.csv"
"317",2,"south_windows_convection_gain",2493.35039543079,"U001_Caso01_1a7_ac_nbr_1.csv"
"318",2,"west_windows_convection_gain",2624.53987199291,"U001_Caso01_1a7_ac_nbr_1.csv"
"319",3,"none_roof_convection_gain",59963.039891263,"U001_Caso01_1a7_ac_nbr_1.csv"
"320",3,"none_floor_convection_gain",56283.2831499988,"U001_Caso01_1a7_ac_nbr_1.csv"
"321",3,"none_intwalls_convection_gain",74363.2310010465,"U001_Caso01_1a7_ac_nbr_1.csv"
"322",3,"south_extwalls_convection_gain",14942.7574580163,"U001_Caso01_1a7_ac_nbr_1.csv"
"323",3,"north_extwalls_convection_gain",12852.4563650523,"U001_Caso01_1a7_ac_nbr_1.csv"
"324",3,"west_extwalls_convection_gain",44092.0645919586,"U001_Caso01_1a7_ac_nbr_1.csv"
"325",3,"east_extwalls_convection_gain",9562.01657697307,"U001_Caso01_1a7_ac_nbr_1.csv"
"326",3,"south_windows_convection_gain",1870.80785303895,"U001_Caso01_1a7_ac_nbr_1.csv"
"327",3,"west_windows_convection_gain",2181.09701992369,"U001_Caso01_1a7_ac_nbr_1.csv"
"328",4,"none_roof_convection_gain",38597.5972076748,"U001_Caso01_1a7_ac_nbr_1.csv"
"329",4,"none_floor_convection_gain",42704.6652344439,"U001_Caso01_1a7_ac_nbr_1.csv"
"330",4,"none_intwalls_convection_gain",55537.011055273,"U001_Caso01_1a7_ac_nbr_1.csv"
"331",4,"south_extwalls_convection_gain",8385.84402211188,"U001_Caso01_1a7_ac_nbr_1.csv"
"332",4,"north_extwalls_convection_gain",13011.5597144677,"U001_Caso01_1a7_ac_nbr_1.csv"
"333",4,"west_extwalls_convection_gain",31546.938964583,"U001_Caso01_1a7_ac_nbr_1.csv"
"334",4,"east_extwalls_convection_gain",4830.43027718429,"U001_Caso01_1a7_ac_nbr_1.csv"
"335",4,"south_windows_convection_gain",1015.99847395807,"U001_Caso01_1a7_ac_nbr_1.csv"
"336",4,"west_windows_convection_gain",1353.11771263422,"U001_Caso01_1a7_ac_nbr_1.csv"
"337",5,"none_roof_convection_gain",15577.1896944755,"U001_Caso01_1a7_ac_nbr_1.csv"
"338",5,"none_floor_convection_gain",27971.7911797299,"U001_Caso01_1a7_ac_nbr_1.csv"
"339",5,"none_intwalls_convection_gain",32173.1611116326,"U001_Caso01_1a7_ac_nbr_1.csv"
"340",5,"south_extwalls_convection_gain",2033.18737181973,"U001_Caso01_1a7_ac_nbr_1.csv"
"341",5,"north_extwalls_convection_gain",11367.1129832514,"U001_Caso01_1a7_ac_nbr_1.csv"
"342",5,"west_extwalls_convection_gain",14644.7300395374,"U001_Caso01_1a7_ac_nbr_1.csv"
"343",5,"east_extwalls_convection_gain",1498.09833689351,"U001_Caso01_1a7_ac_nbr_1.csv"
"344",5,"south_windows_convection_gain",270.241810091675,"U001_Caso01_1a7_ac_nbr_1.csv"
"345",5,"west_windows_convection_gain",483.792195479197,"U001_Caso01_1a7_ac_nbr_1.csv"
"346",6,"none_roof_convection_gain",6105.03982819333,"U001_Caso01_1a7_ac_nbr_1.csv"
"347",6,"none_floor_convection_gain",18990.3798574287,"U001_Caso01_1a7_ac_nbr_1.csv"
"348",6,"none_intwalls_convection_gain",21463.9652125301,"U001_Caso01_1a7_ac_nbr_1.csv"
"349",6,"south_extwalls_convection_gain",533.414169490553,"U001_Caso01_1a7_ac_nbr_1.csv"
"350",6,"north_extwalls_convection_gain",10752.4367991591,"U001_Caso01_1a7_ac_nbr_1.csv"
"351",6,"west_extwalls_convection_gain",10147.7618896212,"U001_Caso01_1a7_ac_nbr_1.csv"
"352",6,"east_extwalls_convection_gain",776.601976629929,"U001_Caso01_1a7_ac_nbr_1.csv"
"353",6,"south_windows_convection_gain",80.9417001297172,"U001_Caso01_1a7_ac_nbr_1.csv"
"354",6,"west_windows_convection_gain",326.031483879877,"U001_Caso01_1a7_ac_nbr_1.csv"
"355",7,"none_roof_convection_gain",6357.88339914242,"U001_Caso01_1a7_ac_nbr_1.csv"
"356",7,"none_floor_convection_gain",19331.3106429231,"U001_Caso01_1a7_ac_nbr_1.csv"
"357",7,"none_intwalls_convection_gain",24449.3158968956,"U001_Caso01_1a7_ac_nbr_1.csv"
"358",7,"south_extwalls_convection_gain",463.993209693696,"U001_Caso01_1a7_ac_nbr_1.csv"
"359",7,"north_extwalls_convection_gain",11679.0095154621,"U001_Caso01_1a7_ac_nbr_1.csv"
"360",7,"west_extwalls_convection_gain",10798.6716523497,"U001_Caso01_1a7_ac_nbr_1.csv"
"361",7,"east_extwalls_convection_gain",787.36622032566,"U001_Caso01_1a7_ac_nbr_1.csv"
"362",7,"south_windows_convection_gain",90.9621175046222,"U001_Caso01_1a7_ac_nbr_1.csv"
"363",7,"west_windows_convection_gain",346.870720988105,"U001_Caso01_1a7_ac_nbr_1.csv"
"364",8,"none_roof_convection_gain",15728.8813227185,"U001_Caso01_1a7_ac_nbr_1.csv"
"365",8,"none_floor_convection_gain",23708.4816163197,"U001_Caso01_1a7_ac_nbr_1.csv"
"366",8,"none_intwalls_convection_gain",32143.9928957719,"U001_Caso01_1a7_ac_nbr_1.csv"
"367",8,"south_extwalls_convection_gain",1991.43317069095,"U001_Caso01_1a7_ac_nbr_1.csv"
"368",8,"north_extwalls_convection_gain",11934.584834496,"U001_Caso01_1a7_ac_nbr_1.csv"
"369",8,"west_extwalls_convection_gain",19333.1839282072,"U001_Caso01_1a7_ac_nbr_1.csv"
"370",8,"east_extwalls_convection_gain",1967.51025694306,"U001_Caso01_1a7_ac_nbr_1.csv"
"371",8,"south_windows_convection_gain",390.804310651015,"U001_Caso01_1a7_ac_nbr_1.csv"
"372",8,"west_windows_convection_gain",762.730547816216,"U001_Caso01_1a7_ac_nbr_1.csv"
"373",9,"none_roof_convection_gain",33494.9240268238,"U001_Caso01_1a7_ac_nbr_1.csv"
"374",9,"none_floor_convection_gain",23807.3471629577,"U001_Caso01_1a7_ac_nbr_1.csv"
"375",9,"none_intwalls_convection_gain",44058.5440648724,"U001_Caso01_1a7_ac_nbr_1.csv"
"376",9,"south_extwalls_convection_gain",5606.354616777,"U001_Caso01_1a7_ac_nbr_1.csv"
"377",9,"north_extwalls_convection_gain",10282.7509065229,"U001_Caso01_1a7_ac_nbr_1.csv"
"378",9,"west_extwalls_convection_gain",27835.1338651055,"U001_Caso01_1a7_ac_nbr_1.csv"
"379",9,"east_extwalls_convection_gain",4932.25207015,"U001_Caso01_1a7_ac_nbr_1.csv"
"380",9,"south_windows_convection_gain",764.118543487813,"U001_Caso01_1a7_ac_nbr_1.csv"
"381",9,"west_windows_convection_gain",1155.17615573104,"U001_Caso01_1a7_ac_nbr_1.csv"
"382",10,"none_roof_convection_gain",39914.4902526588,"U001_Caso01_1a7_ac_nbr_1.csv"
"383",10,"none_floor_convection_gain",30633.2255343535,"U001_Caso01_1a7_ac_nbr_1.csv"
"384",10,"none_intwalls_convection_gain",47700.4756070134,"U001_Caso01_1a7_ac_nbr_1.csv"
"385",10,"south_extwalls_convection_gain",8157.36082619303,"U001_Caso01_1a7_ac_nbr_1.csv"
"386",10,"north_extwalls_convection_gain",6756.92202770424,"U001_Caso01_1a7_ac_nbr_1.csv"
"387",10,"west_extwalls_convection_gain",30475.2771550517,"U001_Caso01_1a7_ac_nbr_1.csv"
"388",10,"east_extwalls_convection_gain",8142.59614147971,"U001_Caso01_1a7_ac_nbr_1.csv"
"389",10,"south_windows_convection_gain",896.662851653479,"U001_Caso01_1a7_ac_nbr_1.csv"
"390",10,"west_windows_convection_gain",1235.73786685342,"U001_Caso01_1a7_ac_nbr_1.csv"
"391",11,"none_roof_convection_gain",53166.6615734235,"U001_Caso01_1a7_ac_nbr_1.csv"
"392",11,"none_floor_convection_gain",33642.8009819642,"U001_Caso01_1a7_ac_nbr_1.csv"
"393",11,"none_intwalls_convection_gain",54967.9867067977,"U001_Caso01_1a7_ac_nbr_1.csv"
"394",11,"south_extwalls_convection_gain",13402.666725785,"U001_Caso01_1a7_ac_nbr_1.csv"
"395",11,"north_extwalls_convection_gain",5870.08728582469,"U001_Caso01_1a7_ac_nbr_1.csv"
"396",11,"west_extwalls_convection_gain",38720.1812010693,"U001_Caso01_1a7_ac_nbr_1.csv"
"397",11,"east_extwalls_convection_gain",11161.1708229984,"U001_Caso01_1a7_ac_nbr_1.csv"
"398",11,"south_windows_convection_gain",1267.96368086441,"U001_Caso01_1a7_ac_nbr_1.csv"
"399",11,"west_windows_convection_gain",1595.8515913923,"U001_Caso01_1a7_ac_nbr_1.csv"
"400",12,"none_roof_convection_gain",65329.6488693133,"U001_Caso01_1a7_ac_nbr_1.csv"
"401",12,"none_floor_convection_gain",49892.285104448,"U001_Caso01_1a7_ac_nbr_1.csv"
"402",12,"none_intwalls_convection_gain",70804.4080575709,"U001_Caso01_1a7_ac_nbr_1.csv"
"403",12,"south_extwalls_convection_gain",20647.4174055177,"U001_Caso01_1a7_ac_nbr_1.csv"
"404",12,"north_extwalls_convection_gain",7208.26157016661,"U001_Caso01_1a7_ac_nbr_1.csv"
"405",12,"west_extwalls_convection_gain",44023.1576835974,"U001_Caso01_1a7_ac_nbr_1.csv"
"406",12,"east_extwalls_convection_gain",13340.3226364333,"U001_Caso01_1a7_ac_nbr_1.csv"
"407",12,"south_windows_convection_gain",1982.5433330765,"U001_Caso01_1a7_ac_nbr_1.csv"
"408",12,"west_windows_convection_gain",2093.31813136886,"U001_Caso01_1a7_ac_nbr_1.csv"
"409",1,"none_roof_convection_loss",-212.522511314756,"U001_Caso01_1a7_ac_nbr_1.csv"
"410",1,"none_floor_convection_loss",-2075.18996989995,"U001_Caso01_1a7_ac_nbr_1.csv"
"411",1,"none_intwalls_convection_loss",-1896.62582237767,"U001_Caso01_1a7_ac_nbr_1.csv"
"412",1,"south_extwalls_convection_loss",-2780.08391766869,"U001_Caso01_1a7_ac_nbr_1.csv"
"413",1,"north_extwalls_convection_loss",-1801.70817740488,"U001_Caso01_1a7_ac_nbr_1.csv"
"414",1,"west_extwalls_convection_loss",-4463.21386082655,"U001_Caso01_1a7_ac_nbr_1.csv"
"415",1,"east_extwalls_convection_loss",-1076.45610863486,"U001_Caso01_1a7_ac_nbr_1.csv"
"416",1,"south_windows_convection_loss",-4134.47950129048,"U001_Caso01_1a7_ac_nbr_1.csv"
"417",1,"west_windows_convection_loss",-3490.45243891024,"U001_Caso01_1a7_ac_nbr_1.csv"
"418",2,"none_roof_convection_loss",-125.56574605023,"U001_Caso01_1a7_ac_nbr_1.csv"
"419",2,"none_floor_convection_loss",-2068.1361865373,"U001_Caso01_1a7_ac_nbr_1.csv"
"420",2,"none_intwalls_convection_loss",-1936.25445584542,"U001_Caso01_1a7_ac_nbr_1.csv"
"421",2,"south_extwalls_convection_loss",-3524.62821117303,"U001_Caso01_1a7_ac_nbr_1.csv"
"422",2,"north_extwalls_convection_loss",-1581.92541932409,"U001_Caso01_1a7_ac_nbr_1.csv"
"423",2,"west_extwalls_convection_loss",-4542.50378753027,"U001_Caso01_1a7_ac_nbr_1.csv"
"424",2,"east_extwalls_convection_loss",-973.960513629723,"U001_Caso01_1a7_ac_nbr_1.csv"
"425",2,"south_windows_convection_loss",-3672.05357014864,"U001_Caso01_1a7_ac_nbr_1.csv"
"426",2,"west_windows_convection_loss",-3031.65714679453,"U001_Caso01_1a7_ac_nbr_1.csv"
"427",3,"none_roof_convection_loss",-654.510169848007,"U001_Caso01_1a7_ac_nbr_1.csv"
"428",3,"none_floor_convection_loss",-1226.86260029036,"U001_Caso01_1a7_ac_nbr_1.csv"
"429",3,"none_intwalls_convection_loss",-1371.49397051461,"U001_Caso01_1a7_ac_nbr_1.csv"
"430",3,"south_extwalls_convection_loss",-5979.24052873677,"U001_Caso01_1a7_ac_nbr_1.csv"
"431",3,"north_extwalls_convection_loss",-1888.21573301018,"U001_Caso01_1a7_ac_nbr_1.csv"
"432",3,"west_extwalls_convection_loss",-6388.60811126208,"U001_Caso01_1a7_ac_nbr_1.csv"
"433",3,"east_extwalls_convection_loss",-1388.11885478546,"U001_Caso01_1a7_ac_nbr_1.csv"
"434",3,"south_windows_convection_loss",-4625.47492564019,"U001_Caso01_1a7_ac_nbr_1.csv"
"435",3,"west_windows_convection_loss",-3715.13994043862,"U001_Caso01_1a7_ac_nbr_1.csv"
"436",4,"none_roof_convection_loss",-1842.21108593494,"U001_Caso01_1a7_ac_nbr_1.csv"
"437",4,"none_floor_convection_loss",-822.219306746652,"U001_Caso01_1a7_ac_nbr_1.csv"
"438",4,"none_intwalls_convection_loss",-1265.01903830345,"U001_Caso01_1a7_ac_nbr_1.csv"
"439",4,"south_extwalls_convection_loss",-6748.43838674409,"U001_Caso01_1a7_ac_nbr_1.csv"
"440",4,"north_extwalls_convection_loss",-1875.90911723647,"U001_Caso01_1a7_ac_nbr_1.csv"
"441",4,"west_extwalls_convection_loss",-6770.93218465209,"U001_Caso01_1a7_ac_nbr_1.csv"
"442",4,"east_extwalls_convection_loss",-1639.88961723446,"U001_Caso01_1a7_ac_nbr_1.csv"
"443",4,"south_windows_convection_loss",-5265.17192047639,"U001_Caso01_1a7_ac_nbr_1.csv"
"444",4,"west_windows_convection_loss",-4207.3454575635,"U001_Caso01_1a7_ac_nbr_1.csv"
"445",5,"none_roof_convection_loss",-6341.24637222118,"U001_Caso01_1a7_ac_nbr_1.csv"
"446",5,"none_floor_convection_loss",-2141.63192270182,"U001_Caso01_1a7_ac_nbr_1.csv"
"447",5,"none_intwalls_convection_loss",-4066.25774520609,"U001_Caso01_1a7_ac_nbr_1.csv"
"448",5,"south_extwalls_convection_loss",-11249.6051150088,"U001_Caso01_1a7_ac_nbr_1.csv"
"449",5,"north_extwalls_convection_loss",-2600.66783541767,"U001_Caso01_1a7_ac_nbr_1.csv"
"450",5,"west_extwalls_convection_loss",-10403.2816216862,"U001_Caso01_1a7_ac_nbr_1.csv"
"451",5,"east_extwalls_convection_loss",-2946.58761344694,"U001_Caso01_1a7_ac_nbr_1.csv"
"452",5,"south_windows_convection_loss",-7708.41474045893,"U001_Caso01_1a7_ac_nbr_1.csv"
"453",5,"west_windows_convection_loss",-6030.45857289281,"U001_Caso01_1a7_ac_nbr_1.csv"
"454",6,"none_roof_convection_loss",-10205.7486622207,"U001_Caso01_1a7_ac_nbr_1.csv"
"455",6,"none_floor_convection_loss",-5481.28852352235,"U001_Caso01_1a7_ac_nbr_1.csv"
"456",6,"none_intwalls_convection_loss",-6656.94410380923,"U001_Caso01_1a7_ac_nbr_1.csv"
"457",6,"south_extwalls_convection_loss",-11930.4215048131,"U001_Caso01_1a7_ac_nbr_1.csv"
"458",6,"north_extwalls_convection_loss",-2702.91257807984,"U001_Caso01_1a7_ac_nbr_1.csv"
"459",6,"west_extwalls_convection_loss",-11070.2592897802,"U001_Caso01_1a7_ac_nbr_1.csv"
"460",6,"east_extwalls_convection_loss",-3246.17846297926,"U001_Caso01_1a7_ac_nbr_1.csv"
"461",6,"south_windows_convection_loss",-7717.49948847109,"U001_Caso01_1a7_ac_nbr_1.csv"
"462",6,"west_windows_convection_loss",-6098.91666084215,"U001_Caso01_1a7_ac_nbr_1.csv"
"463",7,"none_roof_convection_loss",-11711.6369164001,"U001_Caso01_1a7_ac_nbr_1.csv"
"464",7,"none_floor_convection_loss",-6802.8883938482,"U001_Caso01_1a7_ac_nbr_1.csv"
"465",7,"none_intwalls_convection_loss",-7367.51106207353,"U001_Caso01_1a7_ac_nbr_1.csv"
"466",7,"south_extwalls_convection_loss",-13970.683058976,"U001_Caso01_1a7_ac_nbr_1.csv"
"467",7,"north_extwalls_convection_loss",-2687.7797487047,"U001_Caso01_1a7_ac_nbr_1.csv"
"468",7,"west_extwalls_convection_loss",-11421.3582176067,"U001_Caso01_1a7_ac_nbr_1.csv"
"469",7,"east_extwalls_convection_loss",-3654.30928619555,"U001_Caso01_1a7_ac_nbr_1.csv"
"470",7,"south_windows_convection_loss",-9156.60856959228,"U001_Caso01_1a7_ac_nbr_1.csv"
"471",7,"west_windows_convection_loss",-7175.01092030739,"U001_Caso01_1a7_ac_nbr_1.csv"
"472",8,"none_roof_convection_loss",-6765.7801897057,"U001_Caso01_1a7_ac_nbr_1.csv"
"473",8,"none_floor_convection_loss",-4284.62035873491,"U001_Caso01_1a7_ac_nbr_1.csv"
"474",8,"none_intwalls_convection_loss",-4810.73967332402,"U001_Caso01_1a7_ac_nbr_1.csv"
"475",8,"south_extwalls_convection_loss",-12854.8091877041,"U001_Caso01_1a7_ac_nbr_1.csv"
"476",8,"north_extwalls_convection_loss",-3017.67887497727,"U001_Caso01_1a7_ac_nbr_1.csv"
"477",8,"west_extwalls_convection_loss",-11111.8708057705,"U001_Caso01_1a7_ac_nbr_1.csv"
"478",8,"east_extwalls_convection_loss",-3376.28501693689,"U001_Caso01_1a7_ac_nbr_1.csv"
"479",8,"south_windows_convection_loss",-8977.21550960194,"U001_Caso01_1a7_ac_nbr_1.csv"
"480",8,"west_windows_convection_loss",-7069.93057925905,"U001_Caso01_1a7_ac_nbr_1.csv"
"481",9,"none_roof_convection_loss",-1261.97088885912,"U001_Caso01_1a7_ac_nbr_1.csv"
"482",9,"none_floor_convection_loss",-1909.95145130249,"U001_Caso01_1a7_ac_nbr_1.csv"
"483",9,"none_intwalls_convection_loss",-1467.34116523484,"U001_Caso01_1a7_ac_nbr_1.csv"
"484",9,"south_extwalls_convection_loss",-8052.7684103085,"U001_Caso01_1a7_ac_nbr_1.csv"
"485",9,"north_extwalls_convection_loss",-2217.64248882517,"U001_Caso01_1a7_ac_nbr_1.csv"
"486",9,"west_extwalls_convection_loss",-7581.52461569665,"U001_Caso01_1a7_ac_nbr_1.csv"
"487",9,"east_extwalls_convection_loss",-1863.6168765411,"U001_Caso01_1a7_ac_nbr_1.csv"
"488",9,"south_windows_convection_loss",-6668.95874957126,"U001_Caso01_1a7_ac_nbr_1.csv"
"489",9,"west_windows_convection_loss",-5289.27676493472,"U001_Caso01_1a7_ac_nbr_1.csv"
"490",10,"none_roof_convection_loss",-1512.98611942771,"U001_Caso01_1a7_ac_nbr_1.csv"
"491",10,"none_floor_convection_loss",-2438.23791664504,"U001_Caso01_1a7_ac_nbr_1.csv"
"492",10,"none_intwalls_convection_loss",-2494.56041148076,"U001_Caso01_1a7_ac_nbr_1.csv"
"493",10,"south_extwalls_convection_loss",-7788.44783655794,"U001_Caso01_1a7_ac_nbr_1.csv"
"494",10,"north_extwalls_convection_loss",-2968.09601956065,"U001_Caso01_1a7_ac_nbr_1.csv"
"495",10,"west_extwalls_convection_loss",-8504.17964280887,"U001_Caso01_1a7_ac_nbr_1.csv"
"496",10,"east_extwalls_convection_loss",-2137.97807115031,"U001_Caso01_1a7_ac_nbr_1.csv"
"497",10,"south_windows_convection_loss",-6935.3285137169,"U001_Caso01_1a7_ac_nbr_1.csv"
"498",10,"west_windows_convection_loss",-5542.12190239814,"U001_Caso01_1a7_ac_nbr_1.csv"
"499",11,"none_roof_convection_loss",-1198.91777439512,"U001_Caso01_1a7_ac_nbr_1.csv"
"500",11,"none_floor_convection_loss",-3099.61779684816,"U001_Caso01_1a7_ac_nbr_1.csv"
"501",11,"none_intwalls_convection_loss",-3287.577242177,"U001_Caso01_1a7_ac_nbr_1.csv"
"502",11,"south_extwalls_convection_loss",-4878.16004384602,"U001_Caso01_1a7_ac_nbr_1.csv"
"503",11,"north_extwalls_convection_loss",-2751.02054388036,"U001_Caso01_1a7_ac_nbr_1.csv"
"504",11,"west_extwalls_convection_loss",-7208.12726100909,"U001_Caso01_1a7_ac_nbr_1.csv"
"505",11,"east_extwalls_convection_loss",-1691.86610284997,"U001_Caso01_1a7_ac_nbr_1.csv"
"506",11,"south_windows_convection_loss",-5604.38704682213,"U001_Caso01_1a7_ac_nbr_1.csv"
"507",11,"west_windows_convection_loss",-4674.52844282705,"U001_Caso01_1a7_ac_nbr_1.csv"
"508",12,"none_roof_convection_loss",-224.867208766155,"U001_Caso01_1a7_ac_nbr_1.csv"
"509",12,"none_floor_convection_loss",-2242.20896326228,"U001_Caso01_1a7_ac_nbr_1.csv"
"510",12,"none_intwalls_convection_loss",-2371.36287636138,"U001_Caso01_1a7_ac_nbr_1.csv"
"511",12,"south_extwalls_convection_loss",-3044.34414872674,"U001_Caso01_1a7_ac_nbr_1.csv"
"512",12,"north_extwalls_convection_loss",-2211.92330102797,"U001_Caso01_1a7_ac_nbr_1.csv"
"513",12,"west_extwalls_convection_loss",-5820.11863640378,"U001_Caso01_1a7_ac_nbr_1.csv"
"514",12,"east_extwalls_convection_loss",-1171.19997316187,"U001_Caso01_1a7_ac_nbr_1.csv"
"515",12,"south_windows_convection_loss",-4274.07022274261,"U001_Caso01_1a7_ac_nbr_1.csv"
"516",12,"west_windows_convection_loss",-3702.73377346273,"U001_Caso01_1a7_ac_nbr_1.csv"
"517",1,"internal_gains",67477.7238718508,"U001_Caso01_1a7_ac_nbr_1.csv"
"518",1,"cooling",-319472.706057331,"U001_Caso01_1a7_ac_nbr_1.csv"
"519",1,"heating",0,"U001_Caso01_1a7_ac_nbr_1.csv"
"520",1,"vn_window_loss",-11746.964984961,"U001_Caso01_1a7_ac_nbr_1.csv"
"521",1,"vn_window_gain",3486.64052978871,"U001_Caso01_1a7_ac_nbr_1.csv"
"522",1,"vn_interzone_loss",-2259.12421188597,"U001_Caso01_1a7_ac_nbr_1.csv"
"523",1,"vn_interzone_gain",9092.01162315721,"U001_Caso01_1a7_ac_nbr_1.csv"
"524",2,"internal_gains",60934.1419756779,"U001_Caso01_1a7_ac_nbr_1.csv"
"525",2,"cooling",-326060.795546403,"U001_Caso01_1a7_ac_nbr_1.csv"
"526",2,"heating",0,"U001_Caso01_1a7_ac_nbr_1.csv"
"527",2,"vn_window_loss",-8961.31608004175,"U001_Caso01_1a7_ac_nbr_1.csv"
"528",2,"vn_window_gain",3996.25312776278,"U001_Caso01_1a7_ac_nbr_1.csv"
"529",2,"vn_interzone_loss",-2328.89790601383,"U001_Caso01_1a7_ac_nbr_1.csv"
"530",2,"vn_interzone_gain",10326.9992819463,"U001_Caso01_1a7_ac_nbr_1.csv"
"531",3,"internal_gains",67478.9527373335,"U001_Caso01_1a7_ac_nbr_1.csv"
"532",3,"cooling",-313249.668428647,"U001_Caso01_1a7_ac_nbr_1.csv"
"533",3,"heating",0,"U001_Caso01_1a7_ac_nbr_1.csv"
"534",3,"vn_window_loss",-11401.9733940615,"U001_Caso01_1a7_ac_nbr_1.csv"
"535",3,"vn_window_gain",2686.17260727398,"U001_Caso01_1a7_ac_nbr_1.csv"
"536",3,"vn_interzone_loss",-2018.37775082565,"U001_Caso01_1a7_ac_nbr_1.csv"
"537",3,"vn_interzone_gain",10005.4589721107,"U001_Caso01_1a7_ac_nbr_1.csv"
"538",4,"internal_gains",65326.5932468237,"U001_Caso01_1a7_ac_nbr_1.csv"
"539",4,"cooling",-228034.647633071,"U001_Caso01_1a7_ac_nbr_1.csv"
"540",4,"heating",0,"U001_Caso01_1a7_ac_nbr_1.csv"
"541",4,"vn_window_loss",-10557.2130600885,"U001_Caso01_1a7_ac_nbr_1.csv"
"542",4,"vn_window_gain",1979.7565337528,"U001_Caso01_1a7_ac_nbr_1.csv"
"543",4,"vn_interzone_loss",-938.056752321239,"U001_Caso01_1a7_ac_nbr_1.csv"
"544",4,"vn_interzone_gain",7383.35337546628,"U001_Caso01_1a7_ac_nbr_1.csv"
"545",5,"internal_gains",68058.0429346918,"U001_Caso01_1a7_ac_nbr_1.csv"
"546",5,"cooling",-110313.187951905,"U001_Caso01_1a7_ac_nbr_1.csv"
"547",5,"heating",495.007701726299,"U001_Caso01_1a7_ac_nbr_1.csv"
"548",5,"vn_window_loss",-15904.5256016787,"U001_Caso01_1a7_ac_nbr_1.csv"
"549",5,"vn_window_gain",886.277233547626,"U001_Caso01_1a7_ac_nbr_1.csv"
"550",5,"vn_interzone_loss",-807.434773582198,"U001_Caso01_1a7_ac_nbr_1.csv"
"551",5,"vn_interzone_gain",5495.56281623731,"U001_Caso01_1a7_ac_nbr_1.csv"
"552",6,"internal_gains",66465.2835101415,"U001_Caso01_1a7_ac_nbr_1.csv"
"553",6,"cooling",-64363.9876731407,"U001_Caso01_1a7_ac_nbr_1.csv"
"554",6,"heating",2664.13569883542,"U001_Caso01_1a7_ac_nbr_1.csv"
"555",6,"vn_window_loss",-15058.4475459961,"U001_Caso01_1a7_ac_nbr_1.csv"
"556",6,"vn_window_gain",1483.06842982887,"U001_Caso01_1a7_ac_nbr_1.csv"
"557",6,"vn_interzone_loss",-782.135572442343,"U001_Caso01_1a7_ac_nbr_1.csv"
"558",6,"vn_interzone_gain",5690.32456207553,"U001_Caso01_1a7_ac_nbr_1.csv"
"559",7,"internal_gains",68489.5052407925,"U001_Caso01_1a7_ac_nbr_1.csv"
"560",7,"cooling",-66104.155404668,"U001_Caso01_1a7_ac_nbr_1.csv"
"561",7,"heating",6457.65570711373,"U001_Caso01_1a7_ac_nbr_1.csv"
"562",7,"vn_window_loss",-15617.5399707989,"U001_Caso01_1a7_ac_nbr_1.csv"
"563",7,"vn_window_gain",1625.6640154426,"U001_Caso01_1a7_ac_nbr_1.csv"
"564",7,"vn_interzone_loss",-1188.20940806959,"U001_Caso01_1a7_ac_nbr_1.csv"
"565",7,"vn_interzone_gain",6053.75772956417,"U001_Caso01_1a7_ac_nbr_1.csv"
"566",8,"internal_gains",68020.2356963827,"U001_Caso01_1a7_ac_nbr_1.csv"
"567",8,"cooling",-104645.034315856,"U001_Caso01_1a7_ac_nbr_1.csv"
"568",8,"heating",3550.3871321521,"U001_Caso01_1a7_ac_nbr_1.csv"
"569",8,"vn_window_loss",-20107.5962069907,"U001_Caso01_1a7_ac_nbr_1.csv"
"570",8,"vn_window_gain",2171.59606061869,"U001_Caso01_1a7_ac_nbr_1.csv"
"571",8,"vn_interzone_loss",-818.260349956382,"U001_Caso01_1a7_ac_nbr_1.csv"
"572",8,"vn_interzone_gain",6463.74668070899,"U001_Caso01_1a7_ac_nbr_1.csv"
"573",9,"internal_gains",65357.1333598221,"U001_Caso01_1a7_ac_nbr_1.csv"
"574",9,"cooling",-170682.165144419,"U001_Caso01_1a7_ac_nbr_1.csv"
"575",9,"heating",0,"U001_Caso01_1a7_ac_nbr_1.csv"
"576",9,"vn_window_loss",-17509.1300336693,"U001_Caso01_1a7_ac_nbr_1.csv"
"577",9,"vn_window_gain",2457.90296197093,"U001_Caso01_1a7_ac_nbr_1.csv"
"578",9,"vn_interzone_loss",-445.35454031016,"U001_Caso01_1a7_ac_nbr_1.csv"
"579",9,"vn_interzone_gain",6332.23363214732,"U001_Caso01_1a7_ac_nbr_1.csv"
"580",10,"internal_gains",67554.8741078833,"U001_Caso01_1a7_ac_nbr_1.csv"
"581",10,"cooling",-188541.801646862,"U001_Caso01_1a7_ac_nbr_1.csv"
"582",10,"heating",0,"U001_Caso01_1a7_ac_nbr_1.csv"
"583",10,"vn_window_loss",-19213.238965092,"U001_Caso01_1a7_ac_nbr_1.csv"
"584",10,"vn_window_gain",2462.51306877059,"U001_Caso01_1a7_ac_nbr_1.csv"
"585",10,"vn_interzone_loss",-925.201806332462,"U001_Caso01_1a7_ac_nbr_1.csv"
"586",10,"vn_interzone_gain",6144.60204855295,"U001_Caso01_1a7_ac_nbr_1.csv"
"587",11,"internal_gains",65335.3621587881,"U001_Caso01_1a7_ac_nbr_1.csv"
"588",11,"cooling",-236286.440527798,"U001_Caso01_1a7_ac_nbr_1.csv"
"589",11,"heating",0,"U001_Caso01_1a7_ac_nbr_1.csv"
"590",11,"vn_window_loss",-14761.7845744038,"U001_Caso01_1a7_ac_nbr_1.csv"
"591",11,"vn_window_gain",2640.57536619136,"U001_Caso01_1a7_ac_nbr_1.csv"
"592",11,"vn_interzone_loss",-1187.48904351832,"U001_Caso01_1a7_ac_nbr_1.csv"
"593",11,"vn_interzone_gain",6621.22901424448,"U001_Caso01_1a7_ac_nbr_1.csv"
"594",12,"internal_gains",67476.2350444109,"U001_Caso01_1a7_ac_nbr_1.csv"
"595",12,"cooling",-312019.863265727,"U001_Caso01_1a7_ac_nbr_1.csv"
"596",12,"heating",0,"U001_Caso01_1a7_ac_nbr_1.csv"
"597",12,"vn_window_loss",-12780.5342385818,"U001_Caso01_1a7_ac_nbr_1.csv"
"598",12,"vn_window_gain",2793.72249003868,"U001_Caso01_1a7_ac_nbr_1.csv"
"599",12,"vn_interzone_loss",-1992.71440498794,"U001_Caso01_1a7_ac_nbr_1.csv"
"600",12,"vn_interzone_gain",8808.6037102666,"U001_Caso01_1a7_ac_nbr_1.csv"
"601",1,"none_roof_convection_gain",65432.9517690974,"U001_Caso01_1a7_hi_in1_1.csv"
"602",1,"none_floor_convection_gain",51124.523152894,"U001_Caso01_1a7_hi_in1_1.csv"
"603",1,"none_intwalls_convection_gain",73488.4290831757,"U001_Caso01_1a7_hi_in1_1.csv"
"604",1,"south_extwalls_convection_gain",20260.7635132899,"U001_Caso01_1a7_hi_in1_1.csv"
"605",1,"north_extwalls_convection_gain",8085.94509120087,"U001_Caso01_1a7_hi_in1_1.csv"
"606",1,"west_extwalls_convection_gain",45621.3410041929,"U001_Caso01_1a7_hi_in1_1.csv"
"607",1,"east_extwalls_convection_gain",12192.6955849865,"U001_Caso01_1a7_hi_in1_1.csv"
"608",1,"south_windows_convection_gain",2283.16824840594,"U001_Caso01_1a7_hi_in1_1.csv"
"609",1,"west_windows_convection_gain",2362.08219977677,"U001_Caso01_1a7_hi_in1_1.csv"
"610",2,"none_roof_convection_gain",65214.9479692594,"U001_Caso01_1a7_hi_in1_1.csv"
"611",2,"none_floor_convection_gain",52248.1869787854,"U001_Caso01_1a7_hi_in1_1.csv"
"612",2,"none_intwalls_convection_gain",76298.8565493927,"U001_Caso01_1a7_hi_in1_1.csv"
"613",2,"south_extwalls_convection_gain",19023.7120261461,"U001_Caso01_1a7_hi_in1_1.csv"
"614",2,"north_extwalls_convection_gain",10144.6890855072,"U001_Caso01_1a7_hi_in1_1.csv"
"615",2,"west_extwalls_convection_gain",46738.0493993571,"U001_Caso01_1a7_hi_in1_1.csv"
"616",2,"east_extwalls_convection_gain",12137.9202115599,"U001_Caso01_1a7_hi_in1_1.csv"
"617",2,"south_windows_convection_gain",2468.38657573767,"U001_Caso01_1a7_hi_in1_1.csv"
"618",2,"west_windows_convection_gain",2580.09467905501,"U001_Caso01_1a7_hi_in1_1.csv"
"619",3,"none_roof_convection_gain",59708.6528019206,"U001_Caso01_1a7_hi_in1_1.csv"
"620",3,"none_floor_convection_gain",58808.1108130955,"U001_Caso01_1a7_hi_in1_1.csv"
"621",3,"none_intwalls_convection_gain",76400.1621409234,"U001_Caso01_1a7_hi_in1_1.csv"
"622",3,"south_extwalls_convection_gain",15180.4842726809,"U001_Caso01_1a7_hi_in1_1.csv"
"623",3,"north_extwalls_convection_gain",12558.3028325834,"U001_Caso01_1a7_hi_in1_1.csv"
"624",3,"west_extwalls_convection_gain",44534.2491890801,"U001_Caso01_1a7_hi_in1_1.csv"
"625",3,"east_extwalls_convection_gain",9130.35217926765,"U001_Caso01_1a7_hi_in1_1.csv"
"626",3,"south_windows_convection_gain",1856.39897397379,"U001_Caso01_1a7_hi_in1_1.csv"
"627",3,"west_windows_convection_gain",2141.51542594415,"U001_Caso01_1a7_hi_in1_1.csv"
"628",4,"none_roof_convection_gain",39094.3273115771,"U001_Caso01_1a7_hi_in1_1.csv"
"629",4,"none_floor_convection_gain",45470.3070889626,"U001_Caso01_1a7_hi_in1_1.csv"
"630",4,"none_intwalls_convection_gain",57780.3078778259,"U001_Caso01_1a7_hi_in1_1.csv"
"631",4,"south_extwalls_convection_gain",8705.99842836098,"U001_Caso01_1a7_hi_in1_1.csv"
"632",4,"north_extwalls_convection_gain",12668.0506228194,"U001_Caso01_1a7_hi_in1_1.csv"
"633",4,"west_extwalls_convection_gain",32241.2976986578,"U001_Caso01_1a7_hi_in1_1.csv"
"634",4,"east_extwalls_convection_gain",4536.66546179881,"U001_Caso01_1a7_hi_in1_1.csv"
"635",4,"south_windows_convection_gain",993.079429357149,"U001_Caso01_1a7_hi_in1_1.csv"
"636",4,"west_windows_convection_gain",1279.50825646568,"U001_Caso01_1a7_hi_in1_1.csv"
"637",5,"none_roof_convection_gain",17298.6232904224,"U001_Caso01_1a7_hi_in1_1.csv"
"638",5,"none_floor_convection_gain",32955.3034917455,"U001_Caso01_1a7_hi_in1_1.csv"
"639",5,"none_intwalls_convection_gain",36102.0156275337,"U001_Caso01_1a7_hi_in1_1.csv"
"640",5,"south_extwalls_convection_gain",2481.69505181606,"U001_Caso01_1a7_hi_in1_1.csv"
"641",5,"north_extwalls_convection_gain",11190.8040143012,"U001_Caso01_1a7_hi_in1_1.csv"
"642",5,"west_extwalls_convection_gain",16407.3119260313,"U001_Caso01_1a7_hi_in1_1.csv"
"643",5,"east_extwalls_convection_gain",1447.75271676936,"U001_Caso01_1a7_hi_in1_1.csv"
"644",5,"south_windows_convection_gain",238.47549849051,"U001_Caso01_1a7_hi_in1_1.csv"
"645",5,"west_windows_convection_gain",352.710744508727,"U001_Caso01_1a7_hi_in1_1.csv"
"646",6,"none_roof_convection_gain",5421.58204056086,"U001_Caso01_1a7_hi_in1_1.csv"
"647",6,"none_floor_convection_gain",20394.4479822976,"U001_Caso01_1a7_hi_in1_1.csv"
"648",6,"none_intwalls_convection_gain",21164.9695623516,"U001_Caso01_1a7_hi_in1_1.csv"
"649",6,"south_extwalls_convection_gain",737.192165722083,"U001_Caso01_1a7_hi_in1_1.csv"
"650",6,"north_extwalls_convection_gain",9827.28816871248,"U001_Caso01_1a7_hi_in1_1.csv"
"651",6,"west_extwalls_convection_gain",9278.65961599329,"U001_Caso01_1a7_hi_in1_1.csv"
"652",6,"east_extwalls_convection_gain",518.161804376896,"U001_Caso01_1a7_hi_in1_1.csv"
"653",6,"south_windows_convection_gain",30.6937692557291,"U001_Caso01_1a7_hi_in1_1.csv"
"654",6,"west_windows_convection_gain",99.2724815764737,"U001_Caso01_1a7_hi_in1_1.csv"
"655",7,"none_roof_convection_gain",6120.25022234238,"U001_Caso01_1a7_hi_in1_1.csv"
"656",7,"none_floor_convection_gain",20090.4184713019,"U001_Caso01_1a7_hi_in1_1.csv"
"657",7,"none_intwalls_convection_gain",23740.6540479733,"U001_Caso01_1a7_hi_in1_1.csv"
"658",7,"south_extwalls_convection_gain",693.118355213473,"U001_Caso01_1a7_hi_in1_1.csv"
"659",7,"north_extwalls_convection_gain",10862.5982056967,"U001_Caso01_1a7_hi_in1_1.csv"
"660",7,"west_extwalls_convection_gain",10249.1188406148,"U001_Caso01_1a7_hi_in1_1.csv"
"661",7,"east_extwalls_convection_gain",455.433980905976,"U001_Caso01_1a7_hi_in1_1.csv"
"662",7,"south_windows_convection_gain",34.4789225579991,"U001_Caso01_1a7_hi_in1_1.csv"
"663",7,"west_windows_convection_gain",123.215849196103,"U001_Caso01_1a7_hi_in1_1.csv"
"664",8,"none_roof_convection_gain",19466.1735887745,"U001_Caso01_1a7_hi_in1_1.csv"
"665",8,"none_floor_convection_gain",28538.1002493053,"U001_Caso01_1a7_hi_in1_1.csv"
"666",8,"none_intwalls_convection_gain",37670.5080074976,"U001_Caso01_1a7_hi_in1_1.csv"
"667",8,"south_extwalls_convection_gain",2733.80664840145,"U001_Caso01_1a7_hi_in1_1.csv"
"668",8,"north_extwalls_convection_gain",11943.1859058392,"U001_Caso01_1a7_hi_in1_1.csv"
"669",8,"west_extwalls_convection_gain",22195.1149990443,"U001_Caso01_1a7_hi_in1_1.csv"
"670",8,"east_extwalls_convection_gain",1830.18620182909,"U001_Caso01_1a7_hi_in1_1.csv"
"671",8,"south_windows_convection_gain",315.863245377423,"U001_Caso01_1a7_hi_in1_1.csv"
"672",8,"west_windows_convection_gain",572.572200775973,"U001_Caso01_1a7_hi_in1_1.csv"
"673",9,"none_roof_convection_gain",36717.5078196451,"U001_Caso01_1a7_hi_in1_1.csv"
"674",9,"none_floor_convection_gain",30517.2174339864,"U001_Caso01_1a7_hi_in1_1.csv"
"675",9,"none_intwalls_convection_gain",50123.0013092241,"U001_Caso01_1a7_hi_in1_1.csv"
"676",9,"south_extwalls_convection_gain",6369.85855105318,"U001_Caso01_1a7_hi_in1_1.csv"
"677",9,"north_extwalls_convection_gain",10231.0742807236,"U001_Caso01_1a7_hi_in1_1.csv"
"678",9,"west_extwalls_convection_gain",30179.6618548643,"U001_Caso01_1a7_hi_in1_1.csv"
"679",9,"east_extwalls_convection_gain",4718.26422314969,"U001_Caso01_1a7_hi_in1_1.csv"
"680",9,"south_windows_convection_gain",674.047623119826,"U001_Caso01_1a7_hi_in1_1.csv"
"681",9,"west_windows_convection_gain",1029.920834264,"U001_Caso01_1a7_hi_in1_1.csv"
"682",10,"none_roof_convection_gain",44156.7973475945,"U001_Caso01_1a7_hi_in1_1.csv"
"683",10,"none_floor_convection_gain",38889.6596874436,"U001_Caso01_1a7_hi_in1_1.csv"
"684",10,"none_intwalls_convection_gain",54843.2358416704,"U001_Caso01_1a7_hi_in1_1.csv"
"685",10,"south_extwalls_convection_gain",9078.2458810044,"U001_Caso01_1a7_hi_in1_1.csv"
"686",10,"north_extwalls_convection_gain",6984.99629190168,"U001_Caso01_1a7_hi_in1_1.csv"
"687",10,"west_extwalls_convection_gain",33508.0199053063,"U001_Caso01_1a7_hi_in1_1.csv"
"688",10,"east_extwalls_convection_gain",8032.43702286255,"U001_Caso01_1a7_hi_in1_1.csv"
"689",10,"south_windows_convection_gain",845.422149048581,"U001_Caso01_1a7_hi_in1_1.csv"
"690",10,"west_windows_convection_gain",1195.74826402134,"U001_Caso01_1a7_hi_in1_1.csv"
"691",11,"none_roof_convection_gain",55666.126736159,"U001_Caso01_1a7_hi_in1_1.csv"
"692",11,"none_floor_convection_gain",39517.6601341074,"U001_Caso01_1a7_hi_in1_1.csv"
"693",11,"none_intwalls_convection_gain",59957.9399799721,"U001_Caso01_1a7_hi_in1_1.csv"
"694",11,"south_extwalls_convection_gain",13866.7677103188,"U001_Caso01_1a7_hi_in1_1.csv"
"695",11,"north_extwalls_convection_gain",5966.41918775683,"U001_Caso01_1a7_hi_in1_1.csv"
"696",11,"west_extwalls_convection_gain",40276.0151533772,"U001_Caso01_1a7_hi_in1_1.csv"
"697",11,"east_extwalls_convection_gain",10956.3793831007,"U001_Caso01_1a7_hi_in1_1.csv"
"698",11,"south_windows_convection_gain",1238.77534505287,"U001_Caso01_1a7_hi_in1_1.csv"
"699",11,"west_windows_convection_gain",1542.64025288015,"U001_Caso01_1a7_hi_in1_1.csv"
"700",12,"none_roof_convection_gain",65179.9034648345,"U001_Caso01_1a7_hi_in1_1.csv"
"701",12,"none_floor_convection_gain",52049.9971351848,"U001_Caso01_1a7_hi_in1_1.csv"
"702",12,"none_intwalls_convection_gain",72932.827275239,"U001_Caso01_1a7_hi_in1_1.csv"
"703",12,"south_extwalls_convection_gain",20248.7127439409,"U001_Caso01_1a7_hi_in1_1.csv"
"704",12,"north_extwalls_convection_gain",7183.87124052024,"U001_Caso01_1a7_hi_in1_1.csv"
"705",12,"west_extwalls_convection_gain",44260.1978422385,"U001_Caso01_1a7_hi_in1_1.csv"
"706",12,"east_extwalls_convection_gain",12938.4621106081,"U001_Caso01_1a7_hi_in1_1.csv"
"707",12,"south_windows_convection_gain",1961.56836574148,"U001_Caso01_1a7_hi_in1_1.csv"
"708",12,"west_windows_convection_gain",2055.67296900802,"U001_Caso01_1a7_hi_in1_1.csv"
"709",1,"none_roof_convection_loss",-150.515831199025,"U001_Caso01_1a7_hi_in1_1.csv"
"710",1,"none_floor_convection_loss",-3175.54217580272,"U001_Caso01_1a7_hi_in1_1.csv"
"711",1,"none_intwalls_convection_loss",-3873.80492443031,"U001_Caso01_1a7_hi_in1_1.csv"
"712",1,"south_extwalls_convection_loss",-2546.55823999747,"U001_Caso01_1a7_hi_in1_1.csv"
"713",1,"north_extwalls_convection_loss",-1773.22215285875,"U001_Caso01_1a7_hi_in1_1.csv"
"714",1,"west_extwalls_convection_loss",-4839.77648289188,"U001_Caso01_1a7_hi_in1_1.csv"
"715",1,"east_extwalls_convection_loss",-923.761607518196,"U001_Caso01_1a7_hi_in1_1.csv"
"716",1,"south_windows_convection_loss",-4087.30363645896,"U001_Caso01_1a7_hi_in1_1.csv"
"717",1,"west_windows_convection_loss",-3434.15918628659,"U001_Caso01_1a7_hi_in1_1.csv"
"718",2,"none_roof_convection_loss",-208.651405208576,"U001_Caso01_1a7_hi_in1_1.csv"
"719",2,"none_floor_convection_loss",-3445.02535494897,"U001_Caso01_1a7_hi_in1_1.csv"
"720",2,"none_intwalls_convection_loss",-4289.82154979116,"U001_Caso01_1a7_hi_in1_1.csv"
"721",2,"south_extwalls_convection_loss",-3685.89318735673,"U001_Caso01_1a7_hi_in1_1.csv"
"722",2,"north_extwalls_convection_loss",-1486.05631115799,"U001_Caso01_1a7_hi_in1_1.csv"
"723",2,"west_extwalls_convection_loss",-5170.97723362412,"U001_Caso01_1a7_hi_in1_1.csv"
"724",2,"east_extwalls_convection_loss",-791.735244803909,"U001_Caso01_1a7_hi_in1_1.csv"
"725",2,"south_windows_convection_loss",-3684.40167738215,"U001_Caso01_1a7_hi_in1_1.csv"
"726",2,"west_windows_convection_loss",-3017.49426291188,"U001_Caso01_1a7_hi_in1_1.csv"
"727",3,"none_roof_convection_loss",-629.094929725107,"U001_Caso01_1a7_hi_in1_1.csv"
"728",3,"none_floor_convection_loss",-2540.66390839359,"U001_Caso01_1a7_hi_in1_1.csv"
"729",3,"none_intwalls_convection_loss",-4019.30346121174,"U001_Caso01_1a7_hi_in1_1.csv"
"730",3,"south_extwalls_convection_loss",-6361.04929828195,"U001_Caso01_1a7_hi_in1_1.csv"
"731",3,"north_extwalls_convection_loss",-1678.88146680988,"U001_Caso01_1a7_hi_in1_1.csv"
"732",3,"west_extwalls_convection_loss",-7049.82536599544,"U001_Caso01_1a7_hi_in1_1.csv"
"733",3,"east_extwalls_convection_loss",-1122.94843897884,"U001_Caso01_1a7_hi_in1_1.csv"
"734",3,"south_windows_convection_loss",-4582.79502470512,"U001_Caso01_1a7_hi_in1_1.csv"
"735",3,"west_windows_convection_loss",-3645.20303030146,"U001_Caso01_1a7_hi_in1_1.csv"
"736",4,"none_roof_convection_loss",-1990.76118829583,"U001_Caso01_1a7_hi_in1_1.csv"
"737",4,"none_floor_convection_loss",-2081.16069243971,"U001_Caso01_1a7_hi_in1_1.csv"
"738",4,"none_intwalls_convection_loss",-3800.46239680015,"U001_Caso01_1a7_hi_in1_1.csv"
"739",4,"south_extwalls_convection_loss",-6890.46643684329,"U001_Caso01_1a7_hi_in1_1.csv"
"740",4,"north_extwalls_convection_loss",-1536.09350986091,"U001_Caso01_1a7_hi_in1_1.csv"
"741",4,"west_extwalls_convection_loss",-7221.81025248268,"U001_Caso01_1a7_hi_in1_1.csv"
"742",4,"east_extwalls_convection_loss",-1246.59789860103,"U001_Caso01_1a7_hi_in1_1.csv"
"743",4,"south_windows_convection_loss",-5022.01173440094,"U001_Caso01_1a7_hi_in1_1.csv"
"744",4,"west_windows_convection_loss",-3956.76877158852,"U001_Caso01_1a7_hi_in1_1.csv"
"745",5,"none_roof_convection_loss",-4498.36923435837,"U001_Caso01_1a7_hi_in1_1.csv"
"746",5,"none_floor_convection_loss",-2885.0465765083,"U001_Caso01_1a7_hi_in1_1.csv"
"747",5,"none_intwalls_convection_loss",-4636.37981758788,"U001_Caso01_1a7_hi_in1_1.csv"
"748",5,"south_extwalls_convection_loss",-9741.50705360983,"U001_Caso01_1a7_hi_in1_1.csv"
"749",5,"north_extwalls_convection_loss",-1766.40883385353,"U001_Caso01_1a7_hi_in1_1.csv"
"750",5,"west_extwalls_convection_loss",-9523.47731369082,"U001_Caso01_1a7_hi_in1_1.csv"
"751",5,"east_extwalls_convection_loss",-2028.7227034434,"U001_Caso01_1a7_hi_in1_1.csv"
"752",5,"south_windows_convection_loss",-6697.02287426973,"U001_Caso01_1a7_hi_in1_1.csv"
"753",5,"west_windows_convection_loss",-5107.01241138248,"U001_Caso01_1a7_hi_in1_1.csv"
"754",6,"none_roof_convection_loss",-7855.8509600077,"U001_Caso01_1a7_hi_in1_1.csv"
"755",6,"none_floor_convection_loss",-7706.49481322944,"U001_Caso01_1a7_hi_in1_1.csv"
"756",6,"none_intwalls_convection_loss",-7319.66548459291,"U001_Caso01_1a7_hi_in1_1.csv"
"757",6,"south_extwalls_convection_loss",-11345.6353726907,"U001_Caso01_1a7_hi_in1_1.csv"
"758",6,"north_extwalls_convection_loss",-1941.87219692683,"U001_Caso01_1a7_hi_in1_1.csv"
"759",6,"west_extwalls_convection_loss",-9935.42643262494,"U001_Caso01_1a7_hi_in1_1.csv"
"760",6,"east_extwalls_convection_loss",-2536.4098664261,"U001_Caso01_1a7_hi_in1_1.csv"
"761",6,"south_windows_convection_loss",-7164.01860900788,"U001_Caso01_1a7_hi_in1_1.csv"
"762",6,"west_windows_convection_loss",-5471.30739873688,"U001_Caso01_1a7_hi_in1_1.csv"
"763",7,"none_roof_convection_loss",-11389.4486671744,"U001_Caso01_1a7_hi_in1_1.csv"
"764",7,"none_floor_convection_loss",-9658.68439853131,"U001_Caso01_1a7_hi_in1_1.csv"
"765",7,"none_intwalls_convection_loss",-9131.47285157347,"U001_Caso01_1a7_hi_in1_1.csv"
"766",7,"south_extwalls_convection_loss",-13953.389767707,"U001_Caso01_1a7_hi_in1_1.csv"
"767",7,"north_extwalls_convection_loss",-2280.70460714692,"U001_Caso01_1a7_hi_in1_1.csv"
"768",7,"west_extwalls_convection_loss",-11740.7169967979,"U001_Caso01_1a7_hi_in1_1.csv"
"769",7,"east_extwalls_convection_loss",-3064.92223361418,"U001_Caso01_1a7_hi_in1_1.csv"
"770",7,"south_windows_convection_loss",-8818.47194785783,"U001_Caso01_1a7_hi_in1_1.csv"
"771",7,"west_windows_convection_loss",-6750.97179580414,"U001_Caso01_1a7_hi_in1_1.csv"
"772",8,"none_roof_convection_loss",-7349.46973366162,"U001_Caso01_1a7_hi_in1_1.csv"
"773",8,"none_floor_convection_loss",-6418.3686315782,"U001_Caso01_1a7_hi_in1_1.csv"
"774",8,"none_intwalls_convection_loss",-7889.83395120359,"U001_Caso01_1a7_hi_in1_1.csv"
"775",8,"south_extwalls_convection_loss",-11952.2014945613,"U001_Caso01_1a7_hi_in1_1.csv"
"776",8,"north_extwalls_convection_loss",-2395.41006937305,"U001_Caso01_1a7_hi_in1_1.csv"
"777",8,"west_extwalls_convection_loss",-11444.0207360103,"U001_Caso01_1a7_hi_in1_1.csv"
"778",8,"east_extwalls_convection_loss",-2462.95878180856,"U001_Caso01_1a7_hi_in1_1.csv"
"779",8,"south_windows_convection_loss",-7932.64213539223,"U001_Caso01_1a7_hi_in1_1.csv"
"780",8,"west_windows_convection_loss",-6143.48312207776,"U001_Caso01_1a7_hi_in1_1.csv"
"781",9,"none_roof_convection_loss",-1786.50158912405,"U001_Caso01_1a7_hi_in1_1.csv"
"782",9,"none_floor_convection_loss",-4379.41237000906,"U001_Caso01_1a7_hi_in1_1.csv"
"783",9,"none_intwalls_convection_loss",-5010.937591938,"U001_Caso01_1a7_hi_in1_1.csv"
"784",9,"south_extwalls_convection_loss",-7210.6116442049,"U001_Caso01_1a7_hi_in1_1.csv"
"785",9,"north_extwalls_convection_loss",-1539.65235206989,"U001_Caso01_1a7_hi_in1_1.csv"
"786",9,"west_extwalls_convection_loss",-7439.56932240104,"U001_Caso01_1a7_hi_in1_1.csv"
"787",9,"east_extwalls_convection_loss",-1091.63123984693,"U001_Caso01_1a7_hi_in1_1.csv"
"788",9,"south_windows_convection_loss",-5705.40471760773,"U001_Caso01_1a7_hi_in1_1.csv"
"789",9,"west_windows_convection_loss",-4495.6661827238,"U001_Caso01_1a7_hi_in1_1.csv"
"790",10,"none_roof_convection_loss",-1099.76697948651,"U001_Caso01_1a7_hi_in1_1.csv"
"791",10,"none_floor_convection_loss",-3901.639405871,"U001_Caso01_1a7_hi_in1_1.csv"
"792",10,"none_intwalls_convection_loss",-4468.3064499757,"U001_Caso01_1a7_hi_in1_1.csv"
"793",10,"south_extwalls_convection_loss",-6250.72502420518,"U001_Caso01_1a7_hi_in1_1.csv"
"794",10,"north_extwalls_convection_loss",-2084.02226282982,"U001_Caso01_1a7_hi_in1_1.csv"
"795",10,"west_extwalls_convection_loss",-7564.30738059023,"U001_Caso01_1a7_hi_in1_1.csv"
"796",10,"east_extwalls_convection_loss",-1225.77010722827,"U001_Caso01_1a7_hi_in1_1.csv"
"797",10,"south_windows_convection_loss",-5737.05124553129,"U001_Caso01_1a7_hi_in1_1.csv"
"798",10,"west_windows_convection_loss",-4603.3718839067,"U001_Caso01_1a7_hi_in1_1.csv"
"799",11,"none_roof_convection_loss",-921.483125659605,"U001_Caso01_1a7_hi_in1_1.csv"
"800",11,"none_floor_convection_loss",-4831.38267796928,"U001_Caso01_1a7_hi_in1_1.csv"
"801",11,"none_intwalls_convection_loss",-5449.3496827517,"U001_Caso01_1a7_hi_in1_1.csv"
"802",11,"south_extwalls_convection_loss",-3460.82616923119,"U001_Caso01_1a7_hi_in1_1.csv"
"803",11,"north_extwalls_convection_loss",-2111.22415744457,"U001_Caso01_1a7_hi_in1_1.csv"
"804",11,"west_extwalls_convection_loss",-6361.98905996334,"U001_Caso01_1a7_hi_in1_1.csv"
"805",11,"east_extwalls_convection_loss",-1011.78901787296,"U001_Caso01_1a7_hi_in1_1.csv"
"806",11,"south_windows_convection_loss",-4763.29780501636,"U001_Caso01_1a7_hi_in1_1.csv"
"807",11,"west_windows_convection_loss",-3972.38012928665,"U001_Caso01_1a7_hi_in1_1.csv"
"808",12,"none_roof_convection_loss",-243.050634874281,"U001_Caso01_1a7_hi_in1_1.csv"
"809",12,"none_floor_convection_loss",-3677.47532112949,"U001_Caso01_1a7_hi_in1_1.csv"
"810",12,"none_intwalls_convection_loss",-4928.18983720051,"U001_Caso01_1a7_hi_in1_1.csv"
"811",12,"south_extwalls_convection_loss",-2378.1498485448,"U001_Caso01_1a7_hi_in1_1.csv"
"812",12,"north_extwalls_convection_loss",-2166.98748213261,"U001_Caso01_1a7_hi_in1_1.csv"
"813",12,"west_extwalls_convection_loss",-6085.99591891259,"U001_Caso01_1a7_hi_in1_1.csv"
"814",12,"east_extwalls_convection_loss",-926.749895971342,"U001_Caso01_1a7_hi_in1_1.csv"
"815",12,"south_windows_convection_loss",-4183.34900256935,"U001_Caso01_1a7_hi_in1_1.csv"
"816",12,"west_windows_convection_loss",-3603.98971324189,"U001_Caso01_1a7_hi_in1_1.csv"
"817",1,"internal_gains",67640.9750141952,"U001_Caso01_1a7_hi_in1_1.csv"
"818",1,"cooling",-302307.049839657,"U001_Caso01_1a7_hi_in1_1.csv"
"819",1,"heating",0,"U001_Caso01_1a7_hi_in1_1.csv"
"820",1,"vn_window_loss",-36107.4380707473,"U001_Caso01_1a7_hi_in1_1.csv"
"821",1,"vn_window_gain",3454.62799679108,"U001_Caso01_1a7_hi_in1_1.csv"
"822",1,"vn_interzone_loss",-9915.31709574278,"U001_Caso01_1a7_hi_in1_1.csv"
"823",1,"vn_interzone_gain",24183.1238726789,"U001_Caso01_1a7_hi_in1_1.csv"
"824",2,"internal_gains",60840.1170062195,"U001_Caso01_1a7_hi_in1_1.csv"
"825",2,"cooling",-314167.981477822,"U001_Caso01_1a7_hi_in1_1.csv"
"826",2,"heating",0,"U001_Caso01_1a7_hi_in1_1.csv"
"827",2,"vn_window_loss",-19591.5983249875,"U001_Caso01_1a7_hi_in1_1.csv"
"828",2,"vn_window_gain",3919.86662497413,"U001_Caso01_1a7_hi_in1_1.csv"
"829",2,"vn_interzone_loss",-13111.1325389245,"U001_Caso01_1a7_hi_in1_1.csv"
"830",2,"vn_interzone_gain",24363.6499450163,"U001_Caso01_1a7_hi_in1_1.csv"
"831",3,"internal_gains",67795.7715800733,"U001_Caso01_1a7_hi_in1_1.csv"
"832",3,"cooling",-302057.016090138,"U001_Caso01_1a7_hi_in1_1.csv"
"833",3,"heating",0,"U001_Caso01_1a7_hi_in1_1.csv"
"834",3,"vn_window_loss",-32958.7985941364,"U001_Caso01_1a7_hi_in1_1.csv"
"835",3,"vn_window_gain",2653.02621925935,"U001_Caso01_1a7_hi_in1_1.csv"
"836",3,"vn_interzone_loss",-11759.3194106873,"U001_Caso01_1a7_hi_in1_1.csv"
"837",3,"vn_interzone_gain",30506.7823759573,"U001_Caso01_1a7_hi_in1_1.csv"
"838",4,"internal_gains",65855.874910277,"U001_Caso01_1a7_hi_in1_1.csv"
"839",4,"cooling",-188677.259225912,"U001_Caso01_1a7_hi_in1_1.csv"
"840",4,"heating",0,"U001_Caso01_1a7_hi_in1_1.csv"
"841",4,"vn_window_loss",-71636.6422047759,"U001_Caso01_1a7_hi_in1_1.csv"
"842",4,"vn_window_gain",1867.7378100805,"U001_Caso01_1a7_hi_in1_1.csv"
"843",4,"vn_interzone_loss",-12415.8317669425,"U001_Caso01_1a7_hi_in1_1.csv"
"844",4,"vn_interzone_gain",36635.8112748167,"U001_Caso01_1a7_hi_in1_1.csv"
"845",5,"internal_gains",69854.9370246385,"U001_Caso01_1a7_hi_in1_1.csv"
"846",5,"cooling",-70186.0646440343,"U001_Caso01_1a7_hi_in1_1.csv"
"847",5,"heating",0,"U001_Caso01_1a7_hi_in1_1.csv"
"848",5,"vn_window_loss",-99201.1853253764,"U001_Caso01_1a7_hi_in1_1.csv"
"849",5,"vn_window_gain",705.85883720922,"U001_Caso01_1a7_hi_in1_1.csv"
"850",5,"vn_interzone_loss",-19050.7486193904,"U001_Caso01_1a7_hi_in1_1.csv"
"851",5,"vn_interzone_gain",46575.6267772903,"U001_Caso01_1a7_hi_in1_1.csv"
"852",6,"internal_gains",67601.6172146283,"U001_Caso01_1a7_hi_in1_1.csv"
"853",6,"cooling",-25788.7422073284,"U001_Caso01_1a7_hi_in1_1.csv"
"854",6,"heating",0,"U001_Caso01_1a7_hi_in1_1.csv"
"855",6,"vn_window_loss",-71208.1634958866,"U001_Caso01_1a7_hi_in1_1.csv"
"856",6,"vn_window_gain",742.136626298154,"U001_Caso01_1a7_hi_in1_1.csv"
"857",6,"vn_interzone_loss",-15365.0182898919,"U001_Caso01_1a7_hi_in1_1.csv"
"858",6,"vn_interzone_gain",41435.1837620379,"U001_Caso01_1a7_hi_in1_1.csv"
"859",7,"internal_gains",69405.8846890058,"U001_Caso01_1a7_hi_in1_1.csv"
"860",7,"cooling",-14142.4708021682,"U001_Caso01_1a7_hi_in1_1.csv"
"861",7,"heating",4045.52981219691,"U001_Caso01_1a7_hi_in1_1.csv"
"862",7,"vn_window_loss",-91278.745822572,"U001_Caso01_1a7_hi_in1_1.csv"
"863",7,"vn_window_gain",850.70666961909,"U001_Caso01_1a7_hi_in1_1.csv"
"864",7,"vn_interzone_loss",-15361.8435127616,"U001_Caso01_1a7_hi_in1_1.csv"
"865",7,"vn_interzone_gain",53939.6402721828,"U001_Caso01_1a7_hi_in1_1.csv"
"866",8,"internal_gains",69958.7581605231,"U001_Caso01_1a7_hi_in1_1.csv"
"867",8,"cooling",-63441.8557107102,"U001_Caso01_1a7_hi_in1_1.csv"
"868",8,"heating",3375.73008553063,"U001_Caso01_1a7_hi_in1_1.csv"
"869",8,"vn_window_loss",-108940.778839936,"U001_Caso01_1a7_hi_in1_1.csv"
"870",8,"vn_window_gain",1719.29097285089,"U001_Caso01_1a7_hi_in1_1.csv"
"871",8,"vn_interzone_loss",-13847.9127030946,"U001_Caso01_1a7_hi_in1_1.csv"
"872",8,"vn_interzone_gain",52335.6341612375,"U001_Caso01_1a7_hi_in1_1.csv"
"873",9,"internal_gains",66512.5359411296,"U001_Caso01_1a7_hi_in1_1.csv"
"874",9,"cooling",-114145.940577437,"U001_Caso01_1a7_hi_in1_1.csv"
"875",9,"heating",0,"U001_Caso01_1a7_hi_in1_1.csv"
"876",9,"vn_window_loss",-110803.511200551,"U001_Caso01_1a7_hi_in1_1.csv"
"877",9,"vn_window_gain",2169.63265636165,"U001_Caso01_1a7_hi_in1_1.csv"
"878",9,"vn_interzone_loss",-25172.4161556978,"U001_Caso01_1a7_hi_in1_1.csv"
"879",9,"vn_interzone_gain",49169.9958017917,"U001_Caso01_1a7_hi_in1_1.csv"
"880",10,"internal_gains",69307.2698615422,"U001_Caso01_1a7_hi_in1_1.csv"
"881",10,"cooling",-154061.442018694,"U001_Caso01_1a7_hi_in1_1.csv"
"882",10,"heating",0,"U001_Caso01_1a7_hi_in1_1.csv"
"883",10,"vn_window_loss",-97210.1614822504,"U001_Caso01_1a7_hi_in1_1.csv"
"884",10,"vn_window_gain",2246.71273051932,"U001_Caso01_1a7_hi_in1_1.csv"
"885",10,"vn_interzone_loss",-20826.1782169766,"U001_Caso01_1a7_hi_in1_1.csv"
"886",10,"vn_interzone_gain",41648.9879425923,"U001_Caso01_1a7_hi_in1_1.csv"
"887",11,"internal_gains",66502.4460274697,"U001_Caso01_1a7_hi_in1_1.csv"
"888",11,"cooling",-208235.865232136,"U001_Caso01_1a7_hi_in1_1.csv"
"889",11,"heating",0,"U001_Caso01_1a7_hi_in1_1.csv"
"890",11,"vn_window_loss",-65946.7233265526,"U001_Caso01_1a7_hi_in1_1.csv"
"891",11,"vn_window_gain",2497.61408785784,"U001_Caso01_1a7_hi_in1_1.csv"
"892",11,"vn_interzone_loss",-18703.1294516998,"U001_Caso01_1a7_hi_in1_1.csv"
"893",11,"vn_interzone_gain",30307.3339402421,"U001_Caso01_1a7_hi_in1_1.csv"
"894",12,"internal_gains",67569.4163455153,"U001_Caso01_1a7_hi_in1_1.csv"
"895",12,"cooling",-297073.718472657,"U001_Caso01_1a7_hi_in1_1.csv"
"896",12,"heating",0,"U001_Caso01_1a7_hi_in1_1.csv"
"897",12,"vn_window_loss",-30471.2676925761,"U001_Caso01_1a7_hi_in1_1.csv"
"898",12,"vn_window_gain",2752.17523562743,"U001_Caso01_1a7_hi_in1_1.csv"
"899",12,"vn_interzone_loss",-15318.7764324902,"U001_Caso01_1a7_hi_in1_1.csv"
"900",12,"vn_interzone_gain",25113.2868091844,"U001_Caso01_1a7_hi_in1_1.csv"
"901",1,"none_roof_convection_gain",41450.9344257592,"U001_Caso01_1a7_vn_nbr_1.csv"
"902",1,"none_floor_convection_gain",29006.765392623,"U001_Caso01_1a7_vn_nbr_1.csv"
"903",1,"none_intwalls_convection_gain",43558.6386996731,"U001_Caso01_1a7_vn_nbr_1.csv"
"904",1,"south_extwalls_convection_gain",6605.84753158051,"U001_Caso01_1a7_vn_nbr_1.csv"
"905",1,"north_extwalls_convection_gain",2412.95867686583,"U001_Caso01_1a7_vn_nbr_1.csv"
"906",1,"west_extwalls_convection_gain",23878.5527578113,"U001_Caso01_1a7_vn_nbr_1.csv"
"907",1,"east_extwalls_convection_gain",7119.54775832244,"U001_Caso01_1a7_vn_nbr_1.csv"
"908",1,"south_windows_convection_gain",4.40277520980904,"U001_Caso01_1a7_vn_nbr_1.csv"
"909",1,"west_windows_convection_gain",213.951250453975,"U001_Caso01_1a7_vn_nbr_1.csv"
"910",2,"none_roof_convection_gain",37175.5694045142,"U001_Caso01_1a7_vn_nbr_1.csv"
"911",2,"none_floor_convection_gain",25233.6799041088,"U001_Caso01_1a7_vn_nbr_1.csv"
"912",2,"none_intwalls_convection_gain",40697.8627840367,"U001_Caso01_1a7_vn_nbr_1.csv"
"913",2,"south_extwalls_convection_gain",4580.06779074963,"U001_Caso01_1a7_vn_nbr_1.csv"
"914",2,"north_extwalls_convection_gain",3419.76313977893,"U001_Caso01_1a7_vn_nbr_1.csv"
"915",2,"west_extwalls_convection_gain",22083.3163385827,"U001_Caso01_1a7_vn_nbr_1.csv"
"916",2,"east_extwalls_convection_gain",6513.19644058817,"U001_Caso01_1a7_vn_nbr_1.csv"
"917",2,"south_windows_convection_gain",5.89030779972812,"U001_Caso01_1a7_vn_nbr_1.csv"
"918",2,"west_windows_convection_gain",211.648112077327,"U001_Caso01_1a7_vn_nbr_1.csv"
"919",3,"none_roof_convection_gain",36790.233012541,"U001_Caso01_1a7_vn_nbr_1.csv"
"920",3,"none_floor_convection_gain",37301.0487763275,"U001_Caso01_1a7_vn_nbr_1.csv"
"921",3,"none_intwalls_convection_gain",47189.9572523545,"U001_Caso01_1a7_vn_nbr_1.csv"
"922",3,"south_extwalls_convection_gain",3821.34248636536,"U001_Caso01_1a7_vn_nbr_1.csv"
"923",3,"north_extwalls_convection_gain",6451.43611462318,"U001_Caso01_1a7_vn_nbr_1.csv"
"924",3,"west_extwalls_convection_gain",23749.1951915188,"U001_Caso01_1a7_vn_nbr_1.csv"
"925",3,"east_extwalls_convection_gain",4505.50122248161,"U001_Caso01_1a7_vn_nbr_1.csv"
"926",3,"south_windows_convection_gain",0.0573760451378626,"U001_Caso01_1a7_vn_nbr_1.csv"
"927",3,"west_windows_convection_gain",164.244409991168,"U001_Caso01_1a7_vn_nbr_1.csv"
"928",4,"none_roof_convection_gain",23478.7318090889,"U001_Caso01_1a7_vn_nbr_1.csv"
"929",4,"none_floor_convection_gain",33050.6336275432,"U001_Caso01_1a7_vn_nbr_1.csv"
"930",4,"none_intwalls_convection_gain",38460.6767991137,"U001_Caso01_1a7_vn_nbr_1.csv"
"931",4,"south_extwalls_convection_gain",2476.74753697938,"U001_Caso01_1a7_vn_nbr_1.csv"
"932",4,"north_extwalls_convection_gain",8157.99299161861,"U001_Caso01_1a7_vn_nbr_1.csv"
"933",4,"west_extwalls_convection_gain",17970.2255665101,"U001_Caso01_1a7_vn_nbr_1.csv"
"934",4,"east_extwalls_convection_gain",1699.21349112152,"U001_Caso01_1a7_vn_nbr_1.csv"
"935",4,"south_windows_convection_gain",0,"U001_Caso01_1a7_vn_nbr_1.csv"
"936",4,"west_windows_convection_gain",96.6285298106543,"U001_Caso01_1a7_vn_nbr_1.csv"
"937",5,"none_roof_convection_gain",11957.1323293686,"U001_Caso01_1a7_vn_nbr_1.csv"
"938",5,"none_floor_convection_gain",31852.3541080048,"U001_Caso01_1a7_vn_nbr_1.csv"
"939",5,"none_intwalls_convection_gain",30027.3886140813,"U001_Caso01_1a7_vn_nbr_1.csv"
"940",5,"south_extwalls_convection_gain",997.855943176746,"U001_Caso01_1a7_vn_nbr_1.csv"
"941",5,"north_extwalls_convection_gain",9477.89035625158,"U001_Caso01_1a7_vn_nbr_1.csv"
"942",5,"west_extwalls_convection_gain",11219.7816718191,"U001_Caso01_1a7_vn_nbr_1.csv"
"943",5,"east_extwalls_convection_gain",560.878224078845,"U001_Caso01_1a7_vn_nbr_1.csv"
"944",5,"south_windows_convection_gain",1.9235286445897,"U001_Caso01_1a7_vn_nbr_1.csv"
"945",5,"west_windows_convection_gain",37.1939859973439,"U001_Caso01_1a7_vn_nbr_1.csv"
"946",6,"none_roof_convection_gain",3813.23097033757,"U001_Caso01_1a7_vn_nbr_1.csv"
"947",6,"none_floor_convection_gain",20790.0046873933,"U001_Caso01_1a7_vn_nbr_1.csv"
"948",6,"none_intwalls_convection_gain",18683.1768103392,"U001_Caso01_1a7_vn_nbr_1.csv"
"949",6,"south_extwalls_convection_gain",381.209158747083,"U001_Caso01_1a7_vn_nbr_1.csv"
"950",6,"north_extwalls_convection_gain",9222.68632845306,"U001_Caso01_1a7_vn_nbr_1.csv"
"951",6,"west_extwalls_convection_gain",7171.53461824506,"U001_Caso01_1a7_vn_nbr_1.csv"
"952",6,"east_extwalls_convection_gain",207.924170919904,"U001_Caso01_1a7_vn_nbr_1.csv"
"953",6,"south_windows_convection_gain",0,"U001_Caso01_1a7_vn_nbr_1.csv"
"954",6,"west_windows_convection_gain",38.6431746927599,"U001_Caso01_1a7_vn_nbr_1.csv"
"955",7,"none_roof_convection_gain",5215.81325529616,"U001_Caso01_1a7_vn_nbr_1.csv"
"956",7,"none_floor_convection_gain",20430.6388643873,"U001_Caso01_1a7_vn_nbr_1.csv"
"957",7,"none_intwalls_convection_gain",22252.3750438647,"U001_Caso01_1a7_vn_nbr_1.csv"
"958",7,"south_extwalls_convection_gain",421.710218972984,"U001_Caso01_1a7_vn_nbr_1.csv"
"959",7,"north_extwalls_convection_gain",10555.2421395053,"U001_Caso01_1a7_vn_nbr_1.csv"
"960",7,"west_extwalls_convection_gain",8999.75745878542,"U001_Caso01_1a7_vn_nbr_1.csv"
"961",7,"east_extwalls_convection_gain",260.613924459818,"U001_Caso01_1a7_vn_nbr_1.csv"
"962",7,"south_windows_convection_gain",1.2649581484965,"U001_Caso01_1a7_vn_nbr_1.csv"
"963",7,"west_windows_convection_gain",70.9416338225565,"U001_Caso01_1a7_vn_nbr_1.csv"
"964",8,"none_roof_convection_gain",13806.1868206873,"U001_Caso01_1a7_vn_nbr_1.csv"
"965",8,"none_floor_convection_gain",29694.6667449385,"U001_Caso01_1a7_vn_nbr_1.csv"
"966",8,"none_intwalls_convection_gain",31611.1888444418,"U001_Caso01_1a7_vn_nbr_1.csv"
"967",8,"south_extwalls_convection_gain",1191.85983335991,"U001_Caso01_1a7_vn_nbr_1.csv"
"968",8,"north_extwalls_convection_gain",9942.21514312325,"U001_Caso01_1a7_vn_nbr_1.csv"
"969",8,"west_extwalls_convection_gain",15715.5068227552,"U001_Caso01_1a7_vn_nbr_1.csv"
"970",8,"east_extwalls_convection_gain",825.574761219943,"U001_Caso01_1a7_vn_nbr_1.csv"
"971",8,"south_windows_convection_gain",13.3962049462002,"U001_Caso01_1a7_vn_nbr_1.csv"
"972",8,"west_windows_convection_gain",167.463961235002,"U001_Caso01_1a7_vn_nbr_1.csv"
"973",9,"none_roof_convection_gain",28655.8056041476,"U001_Caso01_1a7_vn_nbr_1.csv"
"974",9,"none_floor_convection_gain",30569.1566949723,"U001_Caso01_1a7_vn_nbr_1.csv"
"975",9,"none_intwalls_convection_gain",42543.1095862026,"U001_Caso01_1a7_vn_nbr_1.csv"
"976",9,"south_extwalls_convection_gain",3577.36510435938,"U001_Caso01_1a7_vn_nbr_1.csv"
"977",9,"north_extwalls_convection_gain",7801.91166838817,"U001_Caso01_1a7_vn_nbr_1.csv"
"978",9,"west_extwalls_convection_gain",22339.7494650244,"U001_Caso01_1a7_vn_nbr_1.csv"
"979",9,"east_extwalls_convection_gain",3212.84351016526,"U001_Caso01_1a7_vn_nbr_1.csv"
"980",9,"south_windows_convection_gain",13.3985817058995,"U001_Caso01_1a7_vn_nbr_1.csv"
"981",9,"west_windows_convection_gain",246.196748704145,"U001_Caso01_1a7_vn_nbr_1.csv"
"982",10,"none_roof_convection_gain",35051.783275555,"U001_Caso01_1a7_vn_nbr_1.csv"
"983",10,"none_floor_convection_gain",36362.6339779266,"U001_Caso01_1a7_vn_nbr_1.csv"
"984",10,"none_intwalls_convection_gain",45313.1123974502,"U001_Caso01_1a7_vn_nbr_1.csv"
"985",10,"south_extwalls_convection_gain",4611.82023588937,"U001_Caso01_1a7_vn_nbr_1.csv"
"986",10,"north_extwalls_convection_gain",4462.76659437394,"U001_Caso01_1a7_vn_nbr_1.csv"
"987",10,"west_extwalls_convection_gain",24533.3349074856,"U001_Caso01_1a7_vn_nbr_1.csv"
"988",10,"east_extwalls_convection_gain",6100.59043909184,"U001_Caso01_1a7_vn_nbr_1.csv"
"989",10,"south_windows_convection_gain",6.45003501681719,"U001_Caso01_1a7_vn_nbr_1.csv"
"990",10,"west_windows_convection_gain",259.405117666335,"U001_Caso01_1a7_vn_nbr_1.csv"
"991",11,"none_roof_convection_gain",41239.2782594308,"U001_Caso01_1a7_vn_nbr_1.csv"
"992",11,"none_floor_convection_gain",31368.4761370756,"U001_Caso01_1a7_vn_nbr_1.csv"
"993",11,"none_intwalls_convection_gain",43463.3940058145,"U001_Caso01_1a7_vn_nbr_1.csv"
"994",11,"south_extwalls_convection_gain",6273.44649783314,"U001_Caso01_1a7_vn_nbr_1.csv"
"995",11,"north_extwalls_convection_gain",2631.55605895774,"U001_Caso01_1a7_vn_nbr_1.csv"
"996",11,"west_extwalls_convection_gain",27179.9095169986,"U001_Caso01_1a7_vn_nbr_1.csv"
"997",11,"east_extwalls_convection_gain",7995.49917146048,"U001_Caso01_1a7_vn_nbr_1.csv"
"998",11,"south_windows_convection_gain",0.633062848605503,"U001_Caso01_1a7_vn_nbr_1.csv"
"999",11,"west_windows_convection_gain",244.40535431954,"U001_Caso01_1a7_vn_nbr_1.csv"
"1000",12,"none_roof_convection_gain",44672.7842683662,"U001_Caso01_1a7_vn_nbr_1.csv"
"1001",12,"none_floor_convection_gain",33959.0700640435,"U001_Caso01_1a7_vn_nbr_1.csv"
"1002",12,"none_intwalls_convection_gain",47034.6610806106,"U001_Caso01_1a7_vn_nbr_1.csv"
"1003",12,"south_extwalls_convection_gain",8412.65814194595,"U001_Caso01_1a7_vn_nbr_1.csv"
"1004",12,"north_extwalls_convection_gain",2474.98480005957,"U001_Caso01_1a7_vn_nbr_1.csv"
"1005",12,"west_extwalls_convection_gain",25553.6499992423,"U001_Caso01_1a7_vn_nbr_1.csv"
"1006",12,"east_extwalls_convection_gain",8589.50251197581,"U001_Caso01_1a7_vn_nbr_1.csv"
"1007",12,"south_windows_convection_gain",11.6139703070512,"U001_Caso01_1a7_vn_nbr_1.csv"
"1008",12,"west_windows_convection_gain",240.773098691473,"U001_Caso01_1a7_vn_nbr_1.csv"
"1009",1,"none_roof_convection_loss",-122.065683317404,"U001_Caso01_1a7_vn_nbr_1.csv"
"1010",1,"none_floor_convection_loss",-6090.99558515262,"U001_Caso01_1a7_vn_nbr_1.csv"
"1011",1,"none_intwalls_convection_loss",-4825.05242829782,"U001_Caso01_1a7_vn_nbr_1.csv"
"1012",1,"south_extwalls_convection_loss",-1586.21323322404,"U001_Caso01_1a7_vn_nbr_1.csv"
"1013",1,"north_extwalls_convection_loss",-1274.83912708683,"U001_Caso01_1a7_vn_nbr_1.csv"
"1014",1,"west_extwalls_convection_loss",-4046.36170782012,"U001_Caso01_1a7_vn_nbr_1.csv"
"1015",1,"east_extwalls_convection_loss",-528.5336887849,"U001_Caso01_1a7_vn_nbr_1.csv"
"1016",1,"south_windows_convection_loss",-4550.3539892538,"U001_Caso01_1a7_vn_nbr_1.csv"
"1017",1,"west_windows_convection_loss",-3711.92086977461,"U001_Caso01_1a7_vn_nbr_1.csv"
"1018",2,"none_roof_convection_loss",-162.66478987958,"U001_Caso01_1a7_vn_nbr_1.csv"
"1019",2,"none_floor_convection_loss",-7625.74229187788,"U001_Caso01_1a7_vn_nbr_1.csv"
"1020",2,"none_intwalls_convection_loss",-5769.32341652624,"U001_Caso01_1a7_vn_nbr_1.csv"
"1021",2,"south_extwalls_convection_loss",-3158.55849555904,"U001_Caso01_1a7_vn_nbr_1.csv"
"1022",2,"north_extwalls_convection_loss",-1168.99785730843,"U001_Caso01_1a7_vn_nbr_1.csv"
"1023",2,"west_extwalls_convection_loss",-4686.76943323433,"U001_Caso01_1a7_vn_nbr_1.csv"
"1024",2,"east_extwalls_convection_loss",-510.637547087962,"U001_Caso01_1a7_vn_nbr_1.csv"
"1025",2,"south_windows_convection_loss",-4570.79921013246,"U001_Caso01_1a7_vn_nbr_1.csv"
"1026",2,"west_windows_convection_loss",-3595.27826376838,"U001_Caso01_1a7_vn_nbr_1.csv"
"1027",3,"none_roof_convection_loss",-545.155117048533,"U001_Caso01_1a7_vn_nbr_1.csv"
"1028",3,"none_floor_convection_loss",-5138.09806156146,"U001_Caso01_1a7_vn_nbr_1.csv"
"1029",3,"none_intwalls_convection_loss",-5020.36017172007,"U001_Caso01_1a7_vn_nbr_1.csv"
"1030",3,"south_extwalls_convection_loss",-5777.4163955161,"U001_Caso01_1a7_vn_nbr_1.csv"
"1031",3,"north_extwalls_convection_loss",-1274.05621417517,"U001_Caso01_1a7_vn_nbr_1.csv"
"1032",3,"west_extwalls_convection_loss",-6300.94702302568,"U001_Caso01_1a7_vn_nbr_1.csv"
"1033",3,"east_extwalls_convection_loss",-754.81354576744,"U001_Caso01_1a7_vn_nbr_1.csv"
"1034",3,"south_windows_convection_loss",-5328.3443193798,"U001_Caso01_1a7_vn_nbr_1.csv"
"1035",3,"west_windows_convection_loss",-4023.65669389293,"U001_Caso01_1a7_vn_nbr_1.csv"
"1036",4,"none_roof_convection_loss",-1692.12362181958,"U001_Caso01_1a7_vn_nbr_1.csv"
"1037",4,"none_floor_convection_loss",-5914.10912286656,"U001_Caso01_1a7_vn_nbr_1.csv"
"1038",4,"none_intwalls_convection_loss",-5813.92830908461,"U001_Caso01_1a7_vn_nbr_1.csv"
"1039",4,"south_extwalls_convection_loss",-7378.73042351583,"U001_Caso01_1a7_vn_nbr_1.csv"
"1040",4,"north_extwalls_convection_loss",-1328.4709762492,"U001_Caso01_1a7_vn_nbr_1.csv"
"1041",4,"west_extwalls_convection_loss",-6772.88880548715,"U001_Caso01_1a7_vn_nbr_1.csv"
"1042",4,"east_extwalls_convection_loss",-1109.40017773457,"U001_Caso01_1a7_vn_nbr_1.csv"
"1043",4,"south_windows_convection_loss",-5905.07237402174,"U001_Caso01_1a7_vn_nbr_1.csv"
"1044",4,"west_windows_convection_loss",-4454.69339620691,"U001_Caso01_1a7_vn_nbr_1.csv"
"1045",5,"none_roof_convection_loss",-4050.32865758323,"U001_Caso01_1a7_vn_nbr_1.csv"
"1046",5,"none_floor_convection_loss",-5545.48349946866,"U001_Caso01_1a7_vn_nbr_1.csv"
"1047",5,"none_intwalls_convection_loss",-5842.79214873621,"U001_Caso01_1a7_vn_nbr_1.csv"
"1048",5,"south_extwalls_convection_loss",-10251.4436267427,"U001_Caso01_1a7_vn_nbr_1.csv"
"1049",5,"north_extwalls_convection_loss",-1624.25110332736,"U001_Caso01_1a7_vn_nbr_1.csv"
"1050",5,"west_extwalls_convection_loss",-9058.10774531095,"U001_Caso01_1a7_vn_nbr_1.csv"
"1051",5,"east_extwalls_convection_loss",-1970.63048202901,"U001_Caso01_1a7_vn_nbr_1.csv"
"1052",5,"south_windows_convection_loss",-7095.73634959075,"U001_Caso01_1a7_vn_nbr_1.csv"
"1053",5,"west_windows_convection_loss",-5338.41564853971,"U001_Caso01_1a7_vn_nbr_1.csv"
"1054",6,"none_roof_convection_loss",-7489.67931450841,"U001_Caso01_1a7_vn_nbr_1.csv"
"1055",6,"none_floor_convection_loss",-9462.8187129628,"U001_Caso01_1a7_vn_nbr_1.csv"
"1056",6,"none_intwalls_convection_loss",-7982.05121404784,"U001_Caso01_1a7_vn_nbr_1.csv"
"1057",6,"south_extwalls_convection_loss",-11472.7610774454,"U001_Caso01_1a7_vn_nbr_1.csv"
"1058",6,"north_extwalls_convection_loss",-1853.98153969864,"U001_Caso01_1a7_vn_nbr_1.csv"
"1059",6,"west_extwalls_convection_loss",-9531.09471427138,"U001_Caso01_1a7_vn_nbr_1.csv"
"1060",6,"east_extwalls_convection_loss",-2462.89092222759,"U001_Caso01_1a7_vn_nbr_1.csv"
"1061",6,"south_windows_convection_loss",-7320.67355485319,"U001_Caso01_1a7_vn_nbr_1.csv"
"1062",6,"west_windows_convection_loss",-5571.60876850589,"U001_Caso01_1a7_vn_nbr_1.csv"
"1063",7,"none_roof_convection_loss",-9776.2025234322,"U001_Caso01_1a7_vn_nbr_1.csv"
"1064",7,"none_floor_convection_loss",-11147.1248171642,"U001_Caso01_1a7_vn_nbr_1.csv"
"1065",7,"none_intwalls_convection_loss",-8961.23517514059,"U001_Caso01_1a7_vn_nbr_1.csv"
"1066",7,"south_extwalls_convection_loss",-13273.1678967057,"U001_Caso01_1a7_vn_nbr_1.csv"
"1067",7,"north_extwalls_convection_loss",-2003.82238118067,"U001_Caso01_1a7_vn_nbr_1.csv"
"1068",7,"west_extwalls_convection_loss",-10616.7468886485,"U001_Caso01_1a7_vn_nbr_1.csv"
"1069",7,"east_extwalls_convection_loss",-2780.49843643491,"U001_Caso01_1a7_vn_nbr_1.csv"
"1070",7,"south_windows_convection_loss",-8651.04090531229,"U001_Caso01_1a7_vn_nbr_1.csv"
"1071",7,"west_windows_convection_loss",-6603.80441243816,"U001_Caso01_1a7_vn_nbr_1.csv"
"1072",8,"none_roof_convection_loss",-6285.08818264287,"U001_Caso01_1a7_vn_nbr_1.csv"
"1073",8,"none_floor_convection_loss",-12104.9400231462,"U001_Caso01_1a7_vn_nbr_1.csv"
"1074",8,"none_intwalls_convection_loss",-9997.53456809193,"U001_Caso01_1a7_vn_nbr_1.csv"
"1075",8,"south_extwalls_convection_loss",-12553.9213273934,"U001_Caso01_1a7_vn_nbr_1.csv"
"1076",8,"north_extwalls_convection_loss",-2163.13279122281,"U001_Caso01_1a7_vn_nbr_1.csv"
"1077",8,"west_extwalls_convection_loss",-10688.4777775559,"U001_Caso01_1a7_vn_nbr_1.csv"
"1078",8,"east_extwalls_convection_loss",-2360.58342062064,"U001_Caso01_1a7_vn_nbr_1.csv"
"1079",8,"south_windows_convection_loss",-8337.56099498734,"U001_Caso01_1a7_vn_nbr_1.csv"
"1080",8,"west_windows_convection_loss",-6377.44134904484,"U001_Caso01_1a7_vn_nbr_1.csv"
"1081",9,"none_roof_convection_loss",-1662.94125888149,"U001_Caso01_1a7_vn_nbr_1.csv"
"1082",9,"none_floor_convection_loss",-10260.7778555361,"U001_Caso01_1a7_vn_nbr_1.csv"
"1083",9,"none_intwalls_convection_loss",-8100.08235694399,"U001_Caso01_1a7_vn_nbr_1.csv"
"1084",9,"south_extwalls_convection_loss",-7909.43063289989,"U001_Caso01_1a7_vn_nbr_1.csv"
"1085",9,"north_extwalls_convection_loss",-1447.35239014121,"U001_Caso01_1a7_vn_nbr_1.csv"
"1086",9,"west_extwalls_convection_loss",-7213.81397417432,"U001_Caso01_1a7_vn_nbr_1.csv"
"1087",9,"east_extwalls_convection_loss",-1045.00149192865,"U001_Caso01_1a7_vn_nbr_1.csv"
"1088",9,"south_windows_convection_loss",-6015.28343512408,"U001_Caso01_1a7_vn_nbr_1.csv"
"1089",9,"west_windows_convection_loss",-4613.43144376904,"U001_Caso01_1a7_vn_nbr_1.csv"
"1090",10,"none_roof_convection_loss",-967.123790876909,"U001_Caso01_1a7_vn_nbr_1.csv"
"1091",10,"none_floor_convection_loss",-8100.42149782738,"U001_Caso01_1a7_vn_nbr_1.csv"
"1092",10,"none_intwalls_convection_loss",-6372.70228738884,"U001_Caso01_1a7_vn_nbr_1.csv"
"1093",10,"south_extwalls_convection_loss",-5881.22975380202,"U001_Caso01_1a7_vn_nbr_1.csv"
"1094",10,"north_extwalls_convection_loss",-1794.00733504791,"U001_Caso01_1a7_vn_nbr_1.csv"
"1095",10,"west_extwalls_convection_loss",-7022.69821279046,"U001_Caso01_1a7_vn_nbr_1.csv"
"1096",10,"east_extwalls_convection_loss",-999.428467382892,"U001_Caso01_1a7_vn_nbr_1.csv"
"1097",10,"south_windows_convection_loss",-5842.22748883366,"U001_Caso01_1a7_vn_nbr_1.csv"
"1098",10,"west_windows_convection_loss",-4572.7447927688,"U001_Caso01_1a7_vn_nbr_1.csv"
"1099",11,"none_roof_convection_loss",-888.703365301753,"U001_Caso01_1a7_vn_nbr_1.csv"
"1100",11,"none_floor_convection_loss",-9563.70345170079,"U001_Caso01_1a7_vn_nbr_1.csv"
"1101",11,"none_intwalls_convection_loss",-7318.54153994596,"U001_Caso01_1a7_vn_nbr_1.csv"
"1102",11,"south_extwalls_convection_loss",-2953.18114639402,"U001_Caso01_1a7_vn_nbr_1.csv"
"1103",11,"north_extwalls_convection_loss",-1792.98695398958,"U001_Caso01_1a7_vn_nbr_1.csv"
"1104",11,"west_extwalls_convection_loss",-5899.34431597772,"U001_Caso01_1a7_vn_nbr_1.csv"
"1105",11,"east_extwalls_convection_loss",-778.938839818865,"U001_Caso01_1a7_vn_nbr_1.csv"
"1106",11,"south_windows_convection_loss",-5042.05708245908,"U001_Caso01_1a7_vn_nbr_1.csv"
"1107",11,"west_windows_convection_loss",-4072.77561777368,"U001_Caso01_1a7_vn_nbr_1.csv"
"1108",12,"none_roof_convection_loss",-249.123576571753,"U001_Caso01_1a7_vn_nbr_1.csv"
"1109",12,"none_floor_convection_loss",-6803.28653818167,"U001_Caso01_1a7_vn_nbr_1.csv"
"1110",12,"none_intwalls_convection_loss",-5785.12576404431,"U001_Caso01_1a7_vn_nbr_1.csv"
"1111",12,"south_extwalls_convection_loss",-1468.59071965596,"U001_Caso01_1a7_vn_nbr_1.csv"
"1112",12,"north_extwalls_convection_loss",-1719.02318644883,"U001_Caso01_1a7_vn_nbr_1.csv"
"1113",12,"west_extwalls_convection_loss",-5339.49831918036,"U001_Caso01_1a7_vn_nbr_1.csv"
"1114",12,"east_extwalls_convection_loss",-557.006192449387,"U001_Caso01_1a7_vn_nbr_1.csv"
"1115",12,"south_windows_convection_loss",-4513.51574883272,"U001_Caso01_1a7_vn_nbr_1.csv"
"1116",12,"west_windows_convection_loss",-3807.61921812674,"U001_Caso01_1a7_vn_nbr_1.csv"
"1117",1,"internal_gains",59146.7538498506,"U001_Caso01_1a7_vn_nbr_1.csv"
"1118",1,"vn_window_loss",-201429.693568983,"U001_Caso01_1a7_vn_nbr_1.csv"
"1119",1,"vn_window_gain",19.6286783609025,"U001_Caso01_1a7_vn_nbr_1.csv"
"1120",1,"vn_interzone_loss",-41410.690530217,"U001_Caso01_1a7_vn_nbr_1.csv"
"1121",1,"vn_interzone_gain",55048.3795959467,"U001_Caso01_1a7_vn_nbr_1.csv"
"1122",2,"internal_gains",51484.1872586504,"U001_Caso01_1a7_vn_nbr_1.csv"
"1123",2,"vn_window_loss",-182041.387152511,"U001_Caso01_1a7_vn_nbr_1.csv"
"1124",2,"vn_window_gain",84.4817970544221,"U001_Caso01_1a7_vn_nbr_1.csv"
"1125",2,"vn_interzone_loss",-36626.0234135728,"U001_Caso01_1a7_vn_nbr_1.csv"
"1126",2,"vn_interzone_gain",57595.5908509814,"U001_Caso01_1a7_vn_nbr_1.csv"
"1127",3,"internal_gains",60111.5725518319,"U001_Caso01_1a7_vn_nbr_1.csv"
"1128",3,"vn_window_loss",-221485.295519671,"U001_Caso01_1a7_vn_nbr_1.csv"
"1129",3,"vn_window_gain",2.03398161711028,"U001_Caso01_1a7_vn_nbr_1.csv"
"1130",3,"vn_interzone_loss",-38521.1278839381,"U001_Caso01_1a7_vn_nbr_1.csv"
"1131",3,"vn_interzone_gain",73213.3035147171,"U001_Caso01_1a7_vn_nbr_1.csv"
"1132",4,"internal_gains",60547.5564004474,"U001_Caso01_1a7_vn_nbr_1.csv"
"1133",4,"vn_window_loss",-181522.690945849,"U001_Caso01_1a7_vn_nbr_1.csv"
"1134",4,"vn_window_gain",70.9470742921731,"U001_Caso01_1a7_vn_nbr_1.csv"
"1135",4,"vn_interzone_loss",-26078.1318520727,"U001_Caso01_1a7_vn_nbr_1.csv"
"1136",4,"vn_interzone_gain",61191.7933653325,"U001_Caso01_1a7_vn_nbr_1.csv"
"1137",5,"internal_gains",67914.7512918852,"U001_Caso01_1a7_vn_nbr_1.csv"
"1138",5,"vn_window_loss",-145959.948889225,"U001_Caso01_1a7_vn_nbr_1.csv"
"1139",5,"vn_window_gain",82.757494185351,"U001_Caso01_1a7_vn_nbr_1.csv"
"1140",5,"vn_interzone_loss",-25477.9306221548,"U001_Caso01_1a7_vn_nbr_1.csv"
"1141",5,"vn_interzone_gain",55057.3865381691,"U001_Caso01_1a7_vn_nbr_1.csv"
"1142",6,"internal_gains",66894.8746126858,"U001_Caso01_1a7_vn_nbr_1.csv"
"1143",6,"vn_window_loss",-89950.7332057008,"U001_Caso01_1a7_vn_nbr_1.csv"
"1144",6,"vn_window_gain",351.261042429708,"U001_Caso01_1a7_vn_nbr_1.csv"
"1145",6,"vn_interzone_loss",-19352.0946132168,"U001_Caso01_1a7_vn_nbr_1.csv"
"1146",6,"vn_interzone_gain",43264.9307829335,"U001_Caso01_1a7_vn_nbr_1.csv"
"1147",7,"internal_gains",69216.1549692824,"U001_Caso01_1a7_vn_nbr_1.csv"
"1148",7,"vn_window_loss",-99534.3834082967,"U001_Caso01_1a7_vn_nbr_1.csv"
"1149",7,"vn_window_gain",473.468821393222,"U001_Caso01_1a7_vn_nbr_1.csv"
"1150",7,"vn_interzone_loss",-19079.6273359662,"U001_Caso01_1a7_vn_nbr_1.csv"
"1151",7,"vn_interzone_gain",53355.4316622493,"U001_Caso01_1a7_vn_nbr_1.csv"
"1152",8,"internal_gains",67651.4897490599,"U001_Caso01_1a7_vn_nbr_1.csv"
"1153",8,"vn_window_loss",-136960.510090328,"U001_Caso01_1a7_vn_nbr_1.csv"
"1154",8,"vn_window_gain",697.715055481128,"U001_Caso01_1a7_vn_nbr_1.csv"
"1155",8,"vn_interzone_loss",-22499.2295168451,"U001_Caso01_1a7_vn_nbr_1.csv"
"1156",8,"vn_interzone_gain",56214.4178854695,"U001_Caso01_1a7_vn_nbr_1.csv"
"1157",9,"internal_gains",63812.7667463072,"U001_Caso01_1a7_vn_nbr_1.csv"
"1158",9,"vn_window_loss",-193304.45029752,"U001_Caso01_1a7_vn_nbr_1.csv"
"1159",9,"vn_window_gain",452.760370336974,"U001_Caso01_1a7_vn_nbr_1.csv"
"1160",9,"vn_interzone_loss",-33413.0569726809,"U001_Caso01_1a7_vn_nbr_1.csv"
"1161",9,"vn_interzone_gain",68399.7515029467,"U001_Caso01_1a7_vn_nbr_1.csv"
"1162",10,"internal_gains",66357.4759778988,"U001_Caso01_1a7_vn_nbr_1.csv"
"1163",10,"vn_window_loss",-218350.445549259,"U001_Caso01_1a7_vn_nbr_1.csv"
"1164",10,"vn_window_gain",358.421585826232,"U001_Caso01_1a7_vn_nbr_1.csv"
"1165",10,"vn_interzone_loss",-33800.7408421376,"U001_Caso01_1a7_vn_nbr_1.csv"
"1166",10,"vn_interzone_gain",66541.5674093381,"U001_Caso01_1a7_vn_nbr_1.csv"
"1167",11,"internal_gains",61936.9934775611,"U001_Caso01_1a7_vn_nbr_1.csv"
"1168",11,"vn_window_loss",-210615.048060169,"U001_Caso01_1a7_vn_nbr_1.csv"
"1169",11,"vn_window_gain",192.677147578816,"U001_Caso01_1a7_vn_nbr_1.csv"
"1170",11,"vn_interzone_loss",-34716.2053321616,"U001_Caso01_1a7_vn_nbr_1.csv"
"1171",11,"vn_interzone_gain",58565.6215419686,"U001_Caso01_1a7_vn_nbr_1.csv"
"1172",12,"internal_gains",60686.6499146853,"U001_Caso01_1a7_vn_nbr_1.csv"
"1173",12,"vn_window_loss",-229036.27777096,"U001_Caso01_1a7_vn_nbr_1.csv"
"1174",12,"vn_window_gain",38.9496548202394,"U001_Caso01_1a7_vn_nbr_1.csv"
"1175",12,"vn_interzone_loss",-40376.254518466,"U001_Caso01_1a7_vn_nbr_1.csv"
"1176",12,"vn_interzone_gain",67050.5277280841,"U001_Caso01_1a7_vn_nbr_1.csv"
